# Original teaching content. level|word|reading|German meaning|type|category|usage notes|Japanese 1|romaji 1|German 1|Japanese 2|romaji 2|German 2|optional verb group
N5|父|ちち|mein Vater; der eigene Vater|Nomen|Familie|Über den eigenen Vater gegenüber Außenstehenden; als Anrede verwendet man meist お父さん.|父は東京に住んでいます。|Chichi wa Toukyou ni sunde imasu.|Mein Vater wohnt in Tokio.|きのう父と電話で話しました。|Kinou chichi to denwa de hanashimashita.|Gestern habe ich mit meinem Vater telefoniert.
N5|母|はは|meine Mutter; die eigene Mutter|Nomen|Familie|Über die eigene Mutter gegenüber Außenstehenden; als Anrede verwendet man meist お母さん.|母は学校で働いています。|Haha wa gakkou de hataraite imasu.|Meine Mutter arbeitet in einer Schule.|母に花をあげました。|Haha ni hana o agemashita.|Ich habe meiner Mutter Blumen geschenkt.
N5|兄|あに|mein älterer Bruder|Nomen|Familie|Für den eigenen älteren Bruder gegenüber Außenstehenden; お兄さん ist eine Anrede oder bezeichnet den Bruder einer anderen Person.|兄は大学生です。|Ani wa daigakusei desu.|Mein älterer Bruder ist Student.|日曜日に兄と映画を見ました。|Nichiyoubi ni ani to eiga o mimashita.|Am Sonntag habe ich mit meinem älteren Bruder einen Film gesehen.
N5|姉|あね|meine ältere Schwester|Nomen|Familie|Für die eigene ältere Schwester gegenüber Außenstehenden; als Anrede meist お姉さん.|姉は日本語を教えています。|Ane wa nihongo o oshiete imasu.|Meine ältere Schwester unterrichtet Japanisch.|姉から手紙が来ました。|Ane kara tegami ga kimashita.|Ich habe einen Brief von meiner älteren Schwester bekommen.
N5|両親|りょうしん|Eltern|Nomen|Familie|Bezeichnet Vater und Mutter zusammen; nicht mit 良心（りょうしん、Gewissen）verwechseln.|両親はドイツに住んでいます。|Ryoushin wa Doitsu ni sunde imasu.|Meine Eltern wohnen in Deutschland.|来月、両親に会います。|Raigetsu, ryoushin ni aimasu.|Nächsten Monat treffe ich meine Eltern.
N5|おじさん|おじさん|Onkel; Mann mittleren Alters|Nomen|Familie|Für einen Onkel: 伯父さん oder 叔父さん. Nicht mit おじいさん（Großvater）verwechseln.|おじさんは大阪に住んでいます。|Ojisan wa Oosaka ni sunde imasu.|Mein Onkel wohnt in Osaka.|おじさんに駅までの道を聞きました。|Ojisan ni eki made no michi o kikimashita.|Ich habe einen Mann nach dem Weg zum Bahnhof gefragt.
N5|おばさん|おばさん|Tante; Frau mittleren Alters|Nomen|Familie|Für eine Tante: 伯母さん oder 叔母さん. Die Anrede einer unbekannten Frau kann unhöflich wirken.|おばさんとお茶を飲みました。|Obasan to ocha o nomimashita.|Ich habe mit meiner Tante Tee getrunken.|おばさんから本をもらいました。|Obasan kara hon o moraimashita.|Ich habe von meiner Tante ein Buch bekommen.
N5|おじいさん|おじいさん|Großvater; älterer Mann|Nomen|Familie|Auch お祖父さん. Das lange い unterscheidet das Wort von おじさん（Onkel）.|おじいさんは毎朝、散歩します。|Ojiisan wa maiasa, sanpo shimasu.|Mein Großvater geht jeden Morgen spazieren.|あのおじいさんはとても元気です。|Ano ojiisan wa totemo genki desu.|Dieser ältere Mann ist sehr fit.
N5|青|あお|Blau; die Farbe Blau|Nomen|Farben|Farbnomen zu 青い; bei Ampeln bezeichnet 青 das grüne Signal.|好きな色は青です。|Suki na iro wa ao desu.|Meine Lieblingsfarbe ist Blau.|信号が青になりました。|Shingou ga ao ni narimashita.|Die Ampel ist grün geworden.
N5|赤|あか|Rot; die Farbe Rot|Nomen|Farben|Farbnomen; vor einem Nomen meist 赤い oder 赤の.|赤のペンを使ってください。|Aka no pen o tsukatte kudasai.|Bitte benutzen Sie den roten Stift.|信号は赤です。|Shingou wa aka desu.|Die Ampel ist rot.
N5|白|しろ|Weiß; die Farbe Weiß|Nomen|Farben|Nicht mit 城（しろ、Burg）verwechseln; das Adjektiv lautet 白い.|この紙は白です。|Kono kami wa shiro desu.|Dieses Papier ist weiß.|白のシャツを買いました。|Shiro no shatsu o kaimashita.|Ich habe ein weißes Hemd gekauft.
N5|黒|くろ|Schwarz; die Farbe Schwarz|Nomen|Farben|Farbnomen; das Adjektiv lautet 黒い.|好きな色は黒です。|Suki na iro wa kuro desu.|Meine Lieblingsfarbe ist Schwarz.|黒のかばんは私のです。|Kuro no kaban wa watashi no desu.|Die schwarze Tasche gehört mir.
N5|黄色い|きいろい|gelb|Adjektiv|Farben|い-Adjektiv; 黄色 ist das zugehörige Farbnomen.|黄色い花が咲いています。|Kiiroi hana ga saite imasu.|Gelbe Blumen blühen.|妹は黄色いかばんを持っています。|Imouto wa kiiroi kaban o motte imasu.|Meine jüngere Schwester hat eine gelbe Tasche.
N5|池|いけ|Teich|Nomen|Natur|Ein kleines stehendes Gewässer; 湖 bezeichnet einen See.|公園に小さな池があります。|Kouen ni chiisana ike ga arimasu.|Im Park gibt es einen kleinen Teich.|池に魚がいます。|Ike ni sakana ga imasu.|Im Teich sind Fische.
N5|北|きた|Norden|Nomen|Geographie|Als Richtung oft 北に oder 北へ; in Zusammensetzungen häufig ほく.|北海道は日本の北にあります。|Hokkaidou wa Nihon no kita ni arimasu.|Hokkaido liegt im Norden Japans.|駅から北へ歩いてください。|Eki kara kita e aruite kudasai.|Gehen Sie vom Bahnhof nach Norden.
N5|南|みなみ|Süden|Nomen|Geographie|Als Richtung oft 南に oder 南へ; in Zusammensetzungen häufig なん.|沖縄は日本の南にあります。|Okinawa wa Nihon no minami ni arimasu.|Okinawa liegt im Süden Japans.|部屋の窓は南を向いています。|Heya no mado wa minami o muite imasu.|Das Fenster des Zimmers zeigt nach Süden.
N5|東|ひがし|Osten|Nomen|Geographie|Die gewöhnliche eigenständige Lesung ist ひがし.|太陽は東から出ます。|Taiyou wa higashi kara demasu.|Die Sonne geht im Osten auf.|学校は駅の東にあります。|Gakkou wa eki no higashi ni arimasu.|Die Schule liegt östlich vom Bahnhof.
N5|西|にし|Westen|Nomen|Geographie|Die gewöhnliche eigenständige Lesung ist にし.|太陽は西に沈みます。|Taiyou wa nishi ni shizumimasu.|Die Sonne geht im Westen unter.|駅から西へ十分歩きます。|Eki kara nishi e juppun arukimasu.|Vom Bahnhof geht man zehn Minuten nach Westen.
N5|後|あと|danach; später; hinter|Nomen|Zeit|Zeitlich oft ～の後で; nicht jede Verwendung von 後 wird あと gelesen.|ご飯の後で薬を飲みます。|Gohan no ato de kusuri o nomimasu.|Ich nehme nach dem Essen Medizin.|後で電話します。|Ato de denwa shimasu.|Ich rufe später an.
N5|先|さき|zuvor; voraus; die Stelle weiter vorn|Nomen|Zeit|先に bedeutet vor jemand anderem oder zuerst.|先に帰ってもいいですか。|Saki ni kaette mo ii desu ka.|Darf ich schon vor den anderen nach Hause gehen?|この道の先に店があります。|Kono michi no saki ni mise ga arimasu.|Weiter vorn an dieser Straße ist ein Geschäft.
N5|次|つぎ|nächste; als Nächstes|Nomen|Zeit|Vor einem Nomen mit の: 次の電車.|次の電車は何時ですか。|Tsugi no densha wa nanji desu ka.|Um wie viel Uhr fährt der nächste Zug?|次は私が読みます。|Tsugi wa watashi ga yomimasu.|Als Nächstes lese ich.
N5|今晩|こんばん|heute Abend|Nomen|Zeit|Bezeichnet diesen Abend; こんばんは ist die Begrüßung.|今晩は家で食べます。|Konban wa ie de tabemasu.|Heute Abend esse ich zu Hause.|今晩、電話してもいいですか。|Konban, denwa shite mo ii desu ka.|Darf ich heute Abend anrufen?
N5|夕方|ゆうがた|später Nachmittag; früher Abend|Nomen|Zeit|Zeitspanne gegen Tagesende, bevor es ganz Nacht ist.|夕方、犬と散歩します。|Yuugata, inu to sanpo shimasu.|Am späten Nachmittag gehe ich mit dem Hund spazieren.|夕方までに帰ります。|Yuugata made ni kaerimasu.|Ich komme bis zum frühen Abend zurück.
N5|夕飯|ゆうはん|Abendessen|Nomen|Essen|Alltägliches Wort für die Abendmahlzeit.|夕飯は七時です。|Yuuhan wa shichiji desu.|Das Abendessen ist um sieben.|一緒に夕飯を作りませんか。|Issho ni yuuhan o tsukurimasen ka.|Wollen wir zusammen Abendessen kochen?
N5|晩|ばん|Abend|Nomen|Zeit|In Verbindungen wie 毎晩 und 朝から晩まで häufig.|朝から晩まで雨でした。|Asa kara ban made ame deshita.|Es regnete von morgens bis abends.|その晩は早く寝ました。|Sono ban wa hayaku nemashita.|An jenem Abend bin ich früh schlafen gegangen.
N5|時|とき|Zeit; Zeitpunkt; als; wenn|Nomen|Zeit|～時 bezeichnet einen Zeitpunkt oder eine Situation; Uhrzeiten verwenden die Lesung じ.|子供の時、東京に住んでいました。|Kodomo no toki, Toukyou ni sunde imashita.|Als Kind habe ich in Tokio gewohnt.|暇な時、本を読みます。|Hima na toki, hon o yomimasu.|Wenn ich Zeit habe, lese ich Bücher.
N5|話|はなし|Gespräch; Geschichte; Erzählung|Nomen|Kommunikation|Das Nomen hat kein し nach dem Kanji; das Verb lautet 話す.|先生の話を聞いてください。|Sensei no hanashi o kiite kudasai.|Bitte hören Sie zu, was die Lehrperson erzählt.|その話はおもしろいです。|Sono hanashi wa omoshiroi desu.|Diese Geschichte ist interessant.
N5|暇|ひま|freie Zeit; nicht beschäftigt|Adjektiv|Zeit|Als な-Adjektiv: 暇な日; als Nomen auch 暇がある.|日曜日は暇です。|Nichiyoubi wa hima desu.|Am Sonntag habe ich frei.|暇な時に来てください。|Hima na toki ni kite kudasai.|Kommen Sie bitte, wenn Sie Zeit haben.
N5|物|もの|Ding; Gegenstand|Nomen|Alltag|Meist konkrete Dinge; こと bezeichnet eher Sachverhalte oder Tätigkeiten.|重い物を持たないでください。|Omoi mono o motanaide kudasai.|Bitte tragen Sie keine schweren Gegenstände.|この箱には何か物が入っています。|Kono hako ni wa nanika mono ga haitte imasu.|In dieser Schachtel ist etwas drin.
N5|所|ところ|Ort; Stelle|Nomen|Ort|Sehr häufig auch in Hiragana: ところ.|静かな所で勉強したいです。|Shizuka na tokoro de benkyou shitai desu.|Ich möchte an einem ruhigen Ort lernen.|ここはどんな所ですか。|Koko wa donna tokoro desu ka.|Was für ein Ort ist das hier?
N5|辺|へん|Gegend; Umgebung|Nomen|Ort|この辺・その辺・あの辺 für eine ungefähre Gegend.|この辺に銀行はありますか。|Kono hen ni ginkou wa arimasu ka.|Gibt es hier in der Gegend eine Bank?|この辺で少し休みましょう。|Kono hen de sukoshi yasumimashou.|Machen wir hier in der Gegend eine kurze Pause.
N5|横|よこ|Seite; daneben; waagerechte Richtung|Nomen|Ort|～の横に bedeutet neben etwas.|銀行の横に本屋があります。|Ginkou no yoko ni hon'ya ga arimasu.|Neben der Bank ist eine Buchhandlung.|紙を横に置いてください。|Kami o yoko ni oite kudasai.|Legen Sie das Papier bitte quer hin.
N5|村|むら|Dorf|Nomen|Ort|Bezeichnet eine kleine Ortschaft.|祖母は小さな村に住んでいます。|Sobo wa chiisana mura ni sunde imasu.|Meine Großmutter wohnt in einem kleinen Dorf.|この村には駅がありません。|Kono mura ni wa eki ga arimasen.|Dieses Dorf hat keinen Bahnhof.
N5|門|もん|Tor|Nomen|Wohnen|Ein Eingangstor, etwa zu einer Schule oder einem Tempel.|学校の門の前で待っています。|Gakkou no mon no mae de matte imasu.|Ich warte vor dem Schultor.|夜は門を閉めます。|Yoru wa mon o shimemasu.|Nachts schließen wir das Tor.
N5|箱|はこ|Schachtel; Kiste|Nomen|Alltag|Für Behälter aus Papier, Holz oder anderen Materialien.|箱の中に本があります。|Hako no naka ni hon ga arimasu.|In der Kiste sind Bücher.|この箱を開けてください。|Kono hako o akete kudasai.|Bitte öffnen Sie diese Schachtel.
N5|上着|うわぎ|Jacke; Oberbekleidung|Nomen|Alltag|Ein Kleidungsstück über Hemd oder anderer Kleidung.|寒いので上着を着ます。|Samui node uwagi o kimasu.|Weil es kalt ist, ziehe ich eine Jacke an.|上着を椅子に掛けました。|Uwagi o isu ni kakemashita.|Ich habe die Jacke über den Stuhl gehängt.
N5|カレンダー|カレンダー|Kalender|Nomen|Alltag|Für den Kalender als Gegenstand oder Anzeige.|壁にカレンダーがあります。|Kabe ni karendaa ga arimasu.|An der Wand hängt ein Kalender.|カレンダーに休みの日を書きます。|Karendaa ni yasumi no hi o kakimasu.|Ich trage die freien Tage in den Kalender ein.
N5|シャワー|シャワー|Dusche|Nomen|Alltag|Eine Dusche nehmen: シャワーを浴びる.|朝、シャワーを浴びます。|Asa, shawaa o abimasu.|Morgens dusche ich.|この部屋にはシャワーがあります。|Kono heya ni wa shawaa ga arimasu.|Dieses Zimmer hat eine Dusche.
N5|テーブル|テーブル|Tisch|Nomen|Wohnen|Oft Esstisch; 机 wird häufig für einen Schreibtisch verwendet.|テーブルにお皿を置きます。|Teeburu ni osara o okimasu.|Ich stelle Teller auf den Tisch.|テーブルの下に猫がいます。|Teeburu no shita ni neko ga imasu.|Unter dem Tisch ist eine Katze.
N5|ボールペン|ボールペン|Kugelschreiber|Nomen|Alltag|Das Schreibgerät, im Gegensatz zu 鉛筆（Bleistift）.|ボールペンで名前を書いてください。|Boorupen de namae o kaite kudasai.|Bitte schreiben Sie Ihren Namen mit Kugelschreiber.|青いボールペンを買いました。|Aoi boorupen o kaimashita.|Ich habe einen blauen Kugelschreiber gekauft.
N5|カップ|カップ|Tasse; Becher|Nomen|Essen|Häufig für Kaffee oder andere Getränke.|カップにコーヒーを入れます。|Kappu ni koohii o iremasu.|Ich gieße Kaffee in die Tasse.|このカップは小さいです。|Kono kappu wa chiisai desu.|Diese Tasse ist klein.
N5|カレー|カレー|Curry; Currygericht|Nomen|Essen|In Japan oft Currysoße mit Reis.|昼ご飯にカレーを食べました。|Hirugohan ni karee o tabemashita.|Zum Mittagessen habe ich Curry gegessen.|このカレーはあまり辛くないです。|Kono karee wa amari karakunai desu.|Dieses Curry ist nicht besonders scharf.
N5|シャツ|シャツ|Hemd; Shirt|Nomen|Alltag|Anziehen: シャツを着る.|新しいシャツを着ています。|Atarashii shatsu o kite imasu.|Ich trage ein neues Hemd.|このシャツを洗ってください。|Kono shatsu o aratte kudasai.|Bitte waschen Sie dieses Hemd.
N5|スカート|スカート|Rock|Nomen|Alltag|Für dieses Kleidungsstück verwendet man 履く（はく）.|青いスカートを買いました。|Aoi sukaato o kaimashita.|Ich habe einen blauen Rock gekauft.|このスカートは少し長いです。|Kono sukaato wa sukoshi nagai desu.|Dieser Rock ist etwas lang.
N5|ズボン|ズボン|Hose|Nomen|Alltag|Eine Hose anziehen: ズボンを履く.|黒いズボンを履いています。|Kuroi zubon o haite imasu.|Ich trage eine schwarze Hose.|このズボンは大きすぎます。|Kono zubon wa ookisugimasu.|Diese Hose ist zu groß.
N5|スリッパ|スリッパ|Hausschuhe; Pantoffeln|Nomen|Wohnen|Meist leichte Schuhe für Innenräume.|玄関でスリッパを履きます。|Genkan de surippa o hakimasu.|Im Eingangsbereich ziehe ich Hausschuhe an.|トイレのスリッパはここに置いてください。|Toire no surippa wa koko ni oite kudasai.|Stellen Sie die Toilettenpantoffeln bitte hierhin.
N5|ストーブ|ストーブ|Heizofen; Heizgerät|Nomen|Wohnen|Meist ein Heizgerät für einen Raum, nicht der Küchenherd.|寒いのでストーブをつけました。|Samui node sutoobu o tsukemashita.|Weil es kalt ist, habe ich den Heizofen eingeschaltet.|寝る前にストーブを消してください。|Neru mae ni sutoobu o keshite kudasai.|Schalten Sie vor dem Schlafengehen den Heizofen aus.
N5|ポケット|ポケット|Tasche an einem Kleidungsstück|Nomen|Alltag|Für eine Kleidertasche, nicht für eine Handtasche.|鍵はポケットにあります。|Kagi wa poketto ni arimasu.|Der Schlüssel ist in der Tasche.|ポケットからお金を出しました。|Poketto kara okane o dashimashita.|Ich habe Geld aus der Tasche genommen.
N5|ポスト|ポスト|Briefkasten|Nomen|Alltag|In diesem Sinn meist der Briefkasten zum Einwerfen von Post.|手紙をポストに入れます。|Tegami o posuto ni iremasu.|Ich werfe den Brief in den Briefkasten.|駅の前に赤いポストがあります。|Eki no mae ni akai posuto ga arimasu.|Vor dem Bahnhof steht ein roter Briefkasten.
N5|ペット|ペット|Haustier|Nomen|Natur|ペットを飼う bedeutet ein Haustier halten.|この家ではペットを飼えます。|Kono ie de wa petto o kaemasu.|In diesem Haus darf man Haustiere halten.|私のペットは小さな犬です。|Watashi no petto wa chiisana inu desu.|Mein Haustier ist ein kleiner Hund.
N5|八百屋|やおや|Gemüseladen; Gemüsehändler|Nomen|Handel|Ein Laden für Gemüse und oft auch Obst.|八百屋で野菜を買います。|Yaoya de yasai o kaimasu.|Ich kaufe Gemüse im Gemüseladen.|駅の近くに八百屋があります。|Eki no chikaku ni yaoya ga arimasu.|In der Nähe des Bahnhofs gibt es einen Gemüseladen.
N5|大きな|おおきな|groß|Adjektiv|Eigenschaften|Steht unmittelbar vor einem Nomen; als Satzaussage verwendet man 大きいです.|大きな犬がいます。|Ookina inu ga imasu.|Da ist ein großer Hund.|大きな声で読んでください。|Ookina koe de yonde kudasai.|Lesen Sie bitte mit lauter Stimme.
N5|小さな|ちいさな|klein|Adjektiv|Eigenschaften|Steht unmittelbar vor einem Nomen; als Satzaussage verwendet man 小さいです.|小さな店でパンを買いました。|Chiisana mise de pan o kaimashita.|Ich habe in einem kleinen Laden Brot gekauft.|庭に小さな花が咲いています。|Niwa ni chiisana hana ga saite imasu.|Im Garten blühen kleine Blumen.
N5|嫌|いや|unangenehm; unerwünscht; nicht mögen|Adjektiv|Gefühle|な-Adjektiv: 嫌なこと. 嫌です kann eine deutliche Ablehnung ausdrücken.|雨の日は嫌です。|Ame no hi wa iya desu.|Regentage mag ich nicht.|嫌なことは忘れましょう。|Iya na koto wa wasuremashou.|Vergessen wir die unangenehmen Dinge.
N5|ぬるい|ぬるい|lauwarm|Adjektiv|Eigenschaften|Auch 温い; häufig für Getränke oder Badewasser, die nicht warm genug sind.|このお茶はぬるいです。|Kono ocha wa nurui desu.|Dieser Tee ist lauwarm.|お風呂のお湯がぬるくなりました。|Ofuro no oyu ga nuruku narimashita.|Das Badewasser ist lauwarm geworden.
N5|もう一度|もういちど|noch einmal|Adverb|Kommunikation|Für die Wiederholung einer Handlung.|もう一度言ってください。|Mou ichido itte kudasai.|Bitte sagen Sie es noch einmal.|あの映画をもう一度見たいです。|Ano eiga o mou ichido mitai desu.|Ich möchte diesen Film noch einmal sehen.
N5|どうぞ|どうぞ|bitte; nur zu|Ausdruck|Kommunikation|Zum Anbieten oder Einladen; bei Bitten oft mit ～てください.|どうぞ、座ってください。|Douzo, suwatte kudasai.|Bitte nehmen Sie Platz.|このお菓子をどうぞ。|Kono okashi o douzo.|Bitte bedienen Sie sich an diesen Süßigkeiten.
N5|どうも|どうも|danke; sehr; irgendwie|Ausdruck|Kommunikation|Allein ein kurzer, eher lockerer Dank; verstärkt auch ありがとうございます.|どうもありがとうございます。|Doumo arigatou gozaimasu.|Vielen Dank.|いつもどうも。|Itsumo doumo.|Danke, wie immer.
N5|ええ|ええ|ja|Ausdruck|Kommunikation|Ein zustimmendes ja im Gespräch; はい passt besser in formellen Situationen.|ええ、そうです。|Ee, sou desu.|Ja, genau.|ええ、明日は休みです。|Ee, ashita wa yasumi desu.|Ja, morgen habe ich frei.
N5|さあ|さあ|also; los; nun|Ausdruck|Kommunikation|Leitet eine Aufforderung ein oder drückt zögernde Unsicherheit aus.|さあ、始めましょう。|Saa, hajimemashou.|Also, fangen wir an.|さあ、よく分かりません。|Saa, yoku wakarimasen.|Hm, das weiß ich nicht so genau.
N5|こんな|こんな|solch; so ein|Adjektiv|Eigenschaften|Steht vor einem Nomen; verweist auf etwas Nahes oder gerade Gezeigtes.|こんな本を探しています。|Konna hon o sagashite imasu.|Ich suche ein Buch wie dieses.|こんな所に店があるんですね。|Konna tokoro ni mise ga aru n desu ne.|An so einem Ort gibt es also ein Geschäft.
N5|どんな|どんな|was für ein; welcher Art|Adjektiv|Kommunikation|Steht vor einem Nomen und fragt nach dessen Art oder Eigenschaften.|どんな音楽が好きですか。|Donna ongaku ga suki desu ka.|Was für Musik mögen Sie?|どんな仕事をしていますか。|Donna shigoto o shite imasu ka.|Was arbeiten Sie?
N5|あまり|あまり|nicht besonders; nicht viel|Adverb|Art und Weise|In der Grundverwendung mit einer Verneinung: あまり～ない.|肉はあまり食べません。|Niku wa amari tabemasen.|Ich esse nicht viel Fleisch.|今日はあまり寒くないです。|Kyou wa amari samukunai desu.|Heute ist es nicht besonders kalt.
N5|いい|いい|gut|Adjektiv|Eigenschaften|Häufige Form von 良い; gebeugte Formen meist よくない・よかった.|今日はいい天気です。|Kyou wa ii tenki desu.|Heute ist schönes Wetter.|ここに座ってもいいですか。|Koko ni suwatte mo ii desu ka.|Darf ich mich hier hinsetzen?
N5|じゃあ|じゃあ|also; dann|Ausdruck|Kommunikation|Gesprochene Form von では; leitet eine Folgerung oder einen Abschied ein.|じゃあ、また明日。|Jaa, mata ashita.|Also, bis morgen.|じゃあ、これをください。|Jaa, kore o kudasai.|Dann nehme ich bitte das hier.
N5|では|では|also; dann; nun|Ausdruck|Kommunikation|Als Gesprächsübergang etwas formeller als じゃあ.|では、始めます。|Dewa, hajimemasu.|Dann fangen wir an.|では、また来週。|Dewa, mata raishuu.|Dann bis nächste Woche.
N5|それから|それから|danach; außerdem|Adverb|Zeit|Verbindet aufeinanderfolgende Handlungen oder ergänzt eine Aufzählung.|朝ご飯を食べます。それから学校に行きます。|Asagohan o tabemasu. Sorekara gakkou ni ikimasu.|Ich frühstücke. Danach gehe ich zur Schule.|パンと、それから牛乳をください。|Pan to, sorekara gyuunyuu o kudasai.|Ich hätte gern Brot und außerdem Milch.
N5|そして|そして|und; und dann|Ausdruck|Kommunikation|Verbindet Sätze und fügt Informationen hinzu.|この部屋は広いです。そして明るいです。|Kono heya wa hiroi desu. Soshite akarui desu.|Dieses Zimmer ist geräumig und hell.|本を読みました。そして寝ました。|Hon o yomimashita. Soshite nemashita.|Ich habe ein Buch gelesen und bin dann schlafen gegangen.
N5|それでは|それでは|also dann; in diesem Fall|Ausdruck|Kommunikation|Für einen Übergang, eine Folgerung oder einen höflichen Abschied.|それでは、失礼します。|Soredewa, shitsurei shimasu.|Dann verabschiede ich mich.|それでは、駅で会いましょう。|Soredewa, eki de aimashou.|Dann treffen wir uns am Bahnhof.
N5|どうして|どうして|warum; wie kommt es|Adverb|Kommunikation|Fragt nach einem Grund; どう fragt meist nach Art oder Methode.|どうして学校を休みましたか。|Doushite gakkou o yasumimashita ka.|Warum haben Sie in der Schule gefehlt?|どうして日本語を勉強していますか。|Doushite nihongo o benkyou shite imasu ka.|Warum lernen Sie Japanisch?
N5|どなた|どなた|wer (höflich)|Ausdruck|Menschen|Höfliche Entsprechung zu 誰.|あの方はどなたですか。|Ano kata wa donata desu ka.|Wer ist jene Person?|どなたといらっしゃいましたか。|Donata to irasshaimashita ka.|Mit wem sind Sie gekommen?
N5|どちら|どちら|welche von zwei; wo; wer (höflich)|Ausdruck|Kommunikation|Für eine Auswahl zwischen zwei Möglichkeiten oder eine höfliche Ortsfrage.|お茶とコーヒーはどちらがいいですか。|Ocha to koohii wa dochira ga ii desu ka.|Möchten Sie lieber Tee oder Kaffee?|お国はどちらですか。|Okuni wa dochira desu ka.|Aus welchem Land kommen Sie?
N5|こちら|こちら|hier; diese Richtung; diese Person (höflich)|Ausdruck|Ort|Höfliches Gegenstück zu ここ bzw. この人.|こちらへ来てください。|Kochira e kite kudasai.|Kommen Sie bitte hierher.|こちらは山田さんです。|Kochira wa Yamada-san desu.|Das ist Herr oder Frau Yamada.
N5|そちら|そちら|dort bei Ihnen; jene Richtung; Sie (höflich)|Ausdruck|Ort|Verweist auf den Bereich der angesprochenen Person.|そちらに座ってください。|Sochira ni suwatte kudasai.|Setzen Sie sich bitte dorthin.|そちらの天気はどうですか。|Sochira no tenki wa dou desu ka.|Wie ist das Wetter bei Ihnen?
N5|あちら|あちら|dort drüben; jene Richtung (höflich)|Ausdruck|Ort|Verweist auf etwas, das von beiden Gesprächspartnern entfernt ist.|入口はあちらです。|Iriguchi wa achira desu.|Der Eingang ist dort drüben.|あちらの店で買いました。|Achira no mise de kaimashita.|Ich habe es in dem Geschäft dort drüben gekauft.
N5|こっち|こっち|hier; diese Seite (umgangssprachlich)|Ausdruck|Ort|Lockere Form von こちら.|こっちに来て。|Kocchi ni kite.|Komm her.|こっちの道が近いです。|Kocchi no michi ga chikai desu.|Dieser Weg ist kürzer.
N5|そっち|そっち|dort bei dir; diese Seite dort|Ausdruck|Ort|Lockere Form von そちら.|そっちに行ってもいい？|Socchi ni itte mo ii?|Darf ich zu dir kommen?|そっちのかばんは誰の？|Socchi no kaban wa dare no?|Wem gehört die Tasche dort bei dir?
N5|あっち|あっち|dort drüben; jene Seite|Ausdruck|Ort|Lockere Form von あちら.|駅はあっちです。|Eki wa acchi desu.|Der Bahnhof ist dort drüben.|あっちで待っていて。|Acchi de matte ite.|Warte dort drüben.
N5|どっち|どっち|welche von zwei; welche Richtung (locker)|Ausdruck|Kommunikation|Lockere Form von どちら.|赤と青、どっちが好き？|Aka to ao, docchi ga suki?|Was magst du lieber, Rot oder Blau?|駅はどっち？|Eki wa docchi?|In welcher Richtung ist der Bahnhof?
N5|つまらない|つまらない|langweilig; uninteressant|Adjektiv|Eigenschaften|Auch 詰まらない; meist in Hiragana geschrieben.|この映画はつまらないです。|Kono eiga wa tsumaranai desu.|Dieser Film ist langweilig.|一人ではつまらないので、友達を呼びました。|Hitori de wa tsumaranai node, tomodachi o yobimashita.|Weil es allein langweilig ist, habe ich Freunde eingeladen.
N5|みんな|みんな|alle; alle zusammen|Nomen|Menschen|Gesprochene Form von 皆（みな）; みんなで bedeutet alle gemeinsam.|みんなで写真を撮りましょう。|Minna de shashin o torimashou.|Machen wir alle zusammen ein Foto.|みんな、もう来ましたか。|Minna, mou kimashita ka.|Sind schon alle da?
N5|皆|みな|alle|Nomen|Menschen|Etwas formeller als みんな; auch in 皆さん（みなさん）.|学生は皆、教室にいます。|Gakusei wa mina, kyoushitsu ni imasu.|Die Studierenden sind alle im Klassenzimmer.|皆で相談しましょう。|Mina de soudan shimashou.|Besprechen wir es gemeinsam.
N5|また|また|wieder; noch einmal; außerdem|Adverb|Zeit|Für Wiederholung oder ein weiteres Treffen; nicht mit 股（Schritt）verwechseln.|また明日会いましょう。|Mata ashita aimashou.|Treffen wir uns morgen wieder.|また雨が降ってきました。|Mata ame ga futte kimashita.|Es hat wieder angefangen zu regnen.
N5|そう|そう|so; auf diese Weise|Adverb|Art und Weise|Verweist auf das zuvor Gesagte; そうです bedeutet das stimmt.|そうです。私は学生です。|Sou desu. Watashi wa gakusei desu.|Das stimmt. Ich bin Student.|私もそう思います。|Watashi mo sou omoimasu.|Das denke ich auch.
N5|方|かた|Person (höflich)|Nomen|Menschen|Höfliche Entsprechung zu 人. Die Lesung ほう hat andere Bedeutungen.|あの方は先生です。|Ano kata wa sensei desu.|Jene Person ist eine Lehrperson.|どの方が山田さんですか。|Dono kata ga Yamada-san desu ka.|Welche Person ist Herr oder Frau Yamada?
N5|方|ほう|Seite; Richtung; die eine Alternative|Nomen|Vergleich|Im Vergleich ～の方が; nicht die Personenlesung かた.|こちらの方が安いです。|Kochira no hou ga yasui desu.|Das hier ist günstiger.|駅の方へ歩きます。|Eki no hou e arukimasu.|Ich gehe in Richtung Bahnhof.
N5|側|そば|Nähe; neben|Nomen|Ort|Meist そば geschrieben; von そば（Buchweizennudeln）zu unterscheiden.|駅の側に住んでいます。|Eki no soba ni sunde imasu.|Ich wohne in der Nähe des Bahnhofs.|私の側に座ってください。|Watashi no soba ni suwatte kudasai.|Setzen Sie sich bitte neben mich.
N5|他|ほか|andere; sonstige; sonst|Nomen|Abstrakt|Auch 外 oder ほか; für weitere Dinge oder Möglichkeiten.|他の本を見せてください。|Hoka no hon o misete kudasai.|Zeigen Sie mir bitte ein anderes Buch.|他に質問はありますか。|Hoka ni shitsumon wa arimasu ka.|Gibt es sonst noch Fragen?
N5|被る|かぶる|aufsetzen; auf dem Kopf tragen|Verb|Alltag|Godan-Verb; die Lesung こうむる bedeutet etwas erleiden.|帽子を被ってください。|Boushi o kabutte kudasai.|Setzen Sie bitte einen Hut auf.|子供は赤い帽子を被っています。|Kodomo wa akai boushi o kabutte imasu.|Das Kind trägt einen roten Hut.|godan
N5|やる|やる|machen; tun (locker)|Verb|Handlung|Umgangssprachlicher als する; gegenüber Vorgesetzten kann es zu direkt wirken.|宿題をやってから遊びます。|Shukudai o yatte kara asobimasu.|Ich spiele, nachdem ich die Hausaufgaben gemacht habe.|今日は何をやりますか。|Kyou wa nani o yarimasu ka.|Was machen wir heute?|godan
N5|火|ひ|Feuer|Nomen|Natur|Nicht mit 日（ひ、Tag）verwechseln.|火を消してください。|Hi o keshite kudasai.|Löschen Sie bitte das Feuer.|火の近くに行かないでください。|Hi no chikaku ni ikanaide kudasai.|Gehen Sie bitte nicht in die Nähe des Feuers.
N5|日|ひ|Tag; Sonne|Nomen|Zeit|Eigenständige Lesung ひ; in Datumsangaben und Zusammensetzungen gelten andere Lesungen.|今日はいい日でした。|Kyou wa ii hi deshita.|Heute war ein guter Tag.|日が長くなりました。|Hi ga nagaku narimashita.|Die Tage sind länger geworden.
N5|一人|ひとり|eine Person; allein|Nomen|Menschen|Unregelmäßige Personenanzahl; 一人で bedeutet allein.|一人で日本に来ました。|Hitori de Nihon ni kimashita.|Ich bin allein nach Japan gekommen.|教室に学生が一人います。|Kyoushitsu ni gakusei ga hitori imasu.|Im Klassenzimmer ist ein Student.
N5|二人|ふたり|zwei Personen|Nomen|Menschen|Unregelmäßige Personenanzahl; 二人で bedeutet zu zweit.|友達と二人で旅行します。|Tomodachi to futari de ryokou shimasu.|Ich verreise mit einem Freund zu zweit.|部屋に子供が二人います。|Heya ni kodomo ga futari imasu.|Im Zimmer sind zwei Kinder.
N5|二十歳|はたち|zwanzig Jahre alt|Nomen|Zahlen|Die besondere Alterslesung はたち; 二十 allein heißt にじゅう.|私は今年、二十歳になります。|Watashi wa kotoshi, hatachi ni narimasu.|Ich werde dieses Jahr zwanzig.|兄は二十歳です。|Ani wa hatachi desu.|Mein älterer Bruder ist zwanzig Jahre alt.
N5|半|はん|halb; Hälfte|Nomen|Zahlen|Bei Uhrzeiten bedeutet 七時半 halb acht, also 7:30.|毎朝、七時半に起きます。|Maiasa, shichiji han ni okimasu.|Ich stehe jeden Morgen um halb acht auf.|授業は一時間半です。|Jugyou wa ichijikan han desu.|Der Unterricht dauert anderthalb Stunden.
N5|一日|いちにち|ein Tag; den ganzen Tag|Nomen|Zeit|Dauerlesung いちにち; der erste Tag des Monats heißt ついたち.|一日中、家にいました。|Ichinichijuu, ie ni imashita.|Ich war den ganzen Tag zu Hause.|この薬は一日に三回飲みます。|Kono kusuri wa ichinichi ni sankai nomimasu.|Diese Medizin nimmt man dreimal am Tag.
N5|一日|ついたち|der erste Tag des Monats|Nomen|Zeit|Kalenderlesung; eine Dauer von einem Tag heißt いちにち.|今日は五月一日です。|Kyou wa gogatsu tsuitachi desu.|Heute ist der erste Mai.|店は一日に休みます。|Mise wa tsuitachi ni yasumimasu.|Das Geschäft ist am Ersten geschlossen.
N5|パーティー|パーティー|Party; Feier|Nomen|Freizeit|Auch パーティ geschrieben.|土曜日にパーティーをします。|Doyoubi ni paatii o shimasu.|Am Samstag feiern wir eine Party.|パーティーに友達を呼びました。|Paatii ni tomodachi o yobimashita.|Ich habe Freunde zur Party eingeladen.
N5|ページ|ページ|Seite eines Buches|Nomen|Bildung|Auch als Zähleinheit, etwa 十ページ（zehn Seiten）.|十ページを開いてください。|Juppeeji o hiraite kudasai.|Schlagen Sie bitte Seite zehn auf.|毎日、五ページ読みます。|Mainichi, gopeeji yomimasu.|Ich lese jeden Tag fünf Seiten.
N5|ボタン|ボタン|Knopf; Taste|Nomen|Alltag|Für Kleidungsknöpfe und Tasten an Geräten.|このボタンを押してください。|Kono botan o oshite kudasai.|Drücken Sie bitte diese Taste.|シャツのボタンが取れました。|Shatsu no botan ga toremashita.|Ein Knopf ist vom Hemd abgegangen.
N5|クラス|クラス|Klasse; Kurs|Nomen|Bildung|Nicht mit 暮らす（くらす、leben）verwechseln.|私のクラスには二十人います。|Watashi no kurasu ni wa nijuunin imasu.|In meiner Klasse sind zwanzig Personen.|日本語のクラスは月曜日です。|Nihongo no kurasu wa getsuyoubi desu.|Der Japanischkurs ist am Montag.
N5|すぐに|すぐに|sofort; gleich|Adverb|Zeit|Auch 直ぐに; に kann oft entfallen.|すぐに帰ります。|Sugu ni kaerimasu.|Ich komme gleich zurück.|分からない時はすぐに聞いてください。|Wakaranai toki wa sugu ni kiite kudasai.|Fragen Sie bitte sofort, wenn Sie etwas nicht verstehen.
N5|など|など|und so weiter; zum Beispiel|Partikel|Kommunikation|Kennzeichnet eine nicht vollständige Aufzählung.|りんごやバナナなどを買いました。|Ringo ya banana nado o kaimashita.|Ich habe Äpfel, Bananen und anderes gekauft.|休みの日は本などを読みます。|Yasumi no hi wa hon nado o yomimasu.|An freien Tagen lese ich zum Beispiel Bücher.
N5|だけ|だけ|nur; lediglich|Partikel|Abstrakt|Begrenzt eine Menge oder Auswahl.|水だけ飲みました。|Mizu dake nomimashita.|Ich habe nur Wasser getrunken.|五分だけ待ってください。|Gofun dake matte kudasai.|Warten Sie bitte nur fünf Minuten.
N5|より|より|als; im Vergleich zu|Partikel|Vergleich|Vergleichsmuster: AはBより～です.|今日は昨日より暖かいです。|Kyou wa kinou yori atatakai desu.|Heute ist es wärmer als gestern.|電車はバスより速いです。|Densha wa basu yori hayai desu.|Der Zug ist schneller als der Bus.
N5|さん|さん|Herr; Frau; höfliche Namensanrede|Ausdruck|Menschen|Nach einem Namen; normalerweise nicht nach dem eigenen Namen.|田中さんは先生です。|Tanaka-san wa sensei desu.|Herr oder Frau Tanaka ist Lehrperson.|山田さんに電話しました。|Yamada-san ni denwa shimashita.|Ich habe Herrn oder Frau Yamada angerufen.
N5|お巡りさん|おまわりさん|Polizist; Polizistin (alltagssprachlich)|Nomen|Beruf|Freundliche Alltagsbezeichnung für Polizeibeamte.|お巡りさんに道を聞きました。|Omawarisan ni michi o kikimashita.|Ich habe eine Polizeibeamtin nach dem Weg gefragt.|お巡りさんは交番にいます。|Omawarisan wa kouban ni imasu.|Der Polizist ist in der Polizeistation.
N5|どういたしまして|どういたしまして|bitte sehr; gern geschehen|Ausdruck|Kommunikation|Antwort auf einen Dank.|「ありがとう。」「どういたしまして。」|Arigatou. Dou itashimashite.|„Danke.“ – „Gern geschehen.“|「手伝ってくれてありがとう。」「どういたしまして。」|Tetsudatte kurete arigatou. Dou itashimashite.|„Danke für deine Hilfe.“ – „Gern geschehen.“
N5|失礼します|しつれいします|entschuldigen Sie; ich verabschiede mich|Ausdruck|Kommunikation|Etwa beim Betreten oder Verlassen eines Büros oder beim Beenden eines Telefonats.|失礼します。入ってもいいですか。|Shitsurei shimasu. Haitte mo ii desu ka.|Entschuldigen Sie. Darf ich hereinkommen?|それでは、失礼します。|Soredewa, shitsurei shimasu.|Dann verabschiede ich mich.
N5|おやすみなさい|おやすみなさい|gute Nacht|Ausdruck|Kommunikation|Gruß vor dem Schlafengehen; auch お休みなさい.|もう寝ます。おやすみなさい。|Mou nemasu. Oyasuminasai.|Ich gehe jetzt schlafen. Gute Nacht.|おやすみなさい。また明日。|Oyasuminasai. Mata ashita.|Gute Nacht. Bis morgen.
N4|夫|おっと|mein Mann; Ehemann|Nomen|Familie|Für den eigenen Ehemann; gegenüber anderen neutraler als 主人.|夫は今、仕事中です。|Otto wa ima, shigotochuu desu.|Mein Mann arbeitet gerade.|夫と家事を分けています。|Otto to kaji o wakete imasu.|Ich teile mir die Hausarbeit mit meinem Mann.
N4|妻|つま|meine Frau; Ehefrau|Nomen|Familie|Für die eigene Ehefrau; 奥さん bezeichnet meist die Frau einer anderen Person.|妻は図書館で働いています。|Tsuma wa toshokan de hataraite imasu.|Meine Frau arbeitet in der Bibliothek.|妻と旅行の計画を立てました。|Tsuma to ryokou no keikaku o tatemashita.|Ich habe mit meiner Frau eine Reise geplant.
N4|彼|かれ|er; Freund (Partner)|Nomen|Menschen|Kann einen männlichen Partner bezeichnen; Namen werden im Japanischen oft einem Pronomen vorgezogen.|彼は私と同じ大学に通っています。|Kare wa watashi to onaji daigaku ni kayotte imasu.|Er besucht dieselbe Universität wie ich.|彼と映画を見に行きました。|Kare to eiga o mi ni ikimashita.|Ich bin mit meinem Freund ins Kino gegangen.
N4|僕|ぼく|ich (meist männlich)|Nomen|Menschen|Weniger formell als 私; je nach Situation vor allem von Jungen und Männern verwendet.|僕はサッカーが好きです。|Boku wa sakkaa ga suki desu.|Ich mag Fußball.|そのかばんは僕のです。|Sono kaban wa boku no desu.|Diese Tasche gehört mir.
N4|君|きみ|du|Nomen|Menschen|Vertraulich oder von einer höhergestellten Person verwendet; gegenüber Fremden häufig unpassend.|君はどう思う？|Kimi wa dou omou?|Was denkst du?|君と話せてよかった。|Kimi to hanasete yokatta.|Es war schön, mit dir sprechen zu können.
N4|娘|むすめ|Tochter; junge Frau|Nomen|Familie|Über die eigene Tochter; höflich über die Tochter anderer: 娘さん.|娘は来年、小学校に入ります。|Musume wa rainen, shougakkou ni hairimasu.|Meine Tochter kommt nächstes Jahr in die Grundschule.|娘と一緒にケーキを作りました。|Musume to issho ni keeki o tsukurimashita.|Ich habe mit meiner Tochter Kuchen gebacken.
N4|子|こ|Kind|Nomen|Menschen|Auch für Tierjunge; あの子 bezeichnet dieses oder jenes Kind.|あの子はよく本を読みます。|Ano ko wa yoku hon o yomimasu.|Dieses Kind liest viel.|小さい子にも分かるように説明しました。|Chiisai ko ni mo wakaru you ni setsumei shimashita.|Ich habe es so erklärt, dass auch kleine Kinder es verstehen.
N4|お宅|おたく|Ihr Zuhause; Ihre Familie|Nomen|Wohnen|Höflicher Bezug auf das Haus des Gegenübers; nicht die Fankultur-Bedeutung von オタク.|明日、お宅に伺ってもいいですか。|Ashita, otaku ni ukagatte mo ii desu ka.|Darf ich Sie morgen zu Hause besuchen?|お宅は駅から近いですか。|Otaku wa eki kara chikai desu ka.|Wohnen Sie in der Nähe des Bahnhofs?
N4|ご主人|ごしゅじん|Ihr Ehemann; ihr Ehemann|Nomen|Familie|Traditionelle höfliche Bezeichnung für den Ehemann einer anderen Person.|ご主人はお元気ですか。|Goshujin wa ogenki desu ka.|Geht es Ihrem Mann gut?|ご主人も一緒にいらっしゃいますか。|Goshujin mo issho ni irasshaimasu ka.|Kommt Ihr Mann auch mit?
N4|会場|かいじょう|Veranstaltungsort; Saal|Nomen|Ort|Der Ort einer Veranstaltung, Prüfung oder Versammlung.|試験会場は駅の近くです。|Shiken kaijou wa eki no chikaku desu.|Der Prüfungsort liegt in der Nähe des Bahnhofs.|会場に入る前に名前を書いてください。|Kaijou ni hairu mae ni namae o kaite kudasai.|Tragen Sie Ihren Namen ein, bevor Sie den Saal betreten.
N4|帰り|かえり|Rückweg; Heimkehr|Nomen|Bewegung|帰りに bedeutet auf dem Rückweg.|帰りにスーパーに寄ります。|Kaeri ni suupaa ni yorimasu.|Auf dem Rückweg gehe ich noch in den Supermarkt.|帰りの電車は混んでいました。|Kaeri no densha wa konde imashita.|Der Zug auf dem Rückweg war voll.
N4|一度|いちど|einmal|Adverb|Zahlen|一度も～ない bedeutet kein einziges Mal.|一度、日本に行ったことがあります。|Ichido, Nihon ni itta koto ga arimasu.|Ich war schon einmal in Japan.|この店には一度も来たことがありません。|Kono mise ni wa ichido mo kita koto ga arimasen.|Ich war noch nie in diesem Geschäft.
N4|以内|いない|innerhalb; höchstens|Nomen|Zeit|Nach einer Menge oder Zeitangabe; schließt den Grenzwert ein.|一時間以内に戻ります。|Ichijikan inai ni modorimasu.|Ich komme innerhalb einer Stunde zurück.|五百円以内で昼ご飯を買いたいです。|Gohyaku en inai de hirugohan o kaitai desu.|Ich möchte Mittagessen für höchstens 500 Yen kaufen.
N4|表|おもて|Vorderseite; Außenseite|Nomen|Ort|Gegensatz 裏; 表 als Tabelle wird ひょう gelesen.|紙の表に名前を書いてください。|Kami no omote ni namae o kaite kudasai.|Schreiben Sie Ihren Namen auf die Vorderseite des Blattes.|店の表で待っています。|Mise no omote de matte imasu.|Ich warte vor dem Geschäft.
N4|校長|こうちょう|Schulleiter; Schulleiterin|Nomen|Bildung|校長先生 ist eine respektvolle Anrede.|校長先生が体育館で話しました。|Kouchou-sensei ga taiikukan de hanashimashita.|Die Schulleiterin hat in der Turnhalle gesprochen.|校長に手紙を書きました。|Kouchou ni tegami o kakimashita.|Ich habe dem Schulleiter einen Brief geschrieben.
N4|部長|ぶちょう|Abteilungsleiter; Abteilungsleiterin|Nomen|Arbeit|Position über 課長 in vielen Firmen; auch Leitung eines Schulclubs.|部長に予定を確認しました。|Buchou ni yotei o kakunin shimashita.|Ich habe die Planung mit der Abteilungsleiterin abgeklärt.|部長は今、会議に出ています。|Buchou wa ima, kaigi ni dete imasu.|Der Abteilungsleiter ist gerade in einer Besprechung.
N4|新聞社|しんぶんしゃ|Zeitungsverlag; Zeitungsredaktion|Nomen|Medien|Das Unternehmen hinter einer Zeitung.|兄は新聞社で働いています。|Ani wa shinbunsha de hataraite imasu.|Mein älterer Bruder arbeitet bei einer Zeitung.|新聞社から電話がありました。|Shinbunsha kara denwa ga arimashita.|Es kam ein Anruf von der Zeitungsredaktion.
N4|米|こめ|ungekochter Reis|Nomen|Essen|Gekochter Reis heißt gewöhnlich ご飯.|米を洗ってから炊きます。|Kome o aratte kara takimasu.|Ich wasche den Reis vor dem Kochen.|この米は日本で作られました。|Kono kome wa Nihon de tsukuraremashita.|Dieser Reis wurde in Japan angebaut.
N4|毛|け|Haar; Fell|Nomen|Körper|Für einzelne Haare oder Tierfell; Kopfhaar heißt 髪.|この猫の毛は柔らかいです。|Kono neko no ke wa yawarakai desu.|Das Fell dieser Katze ist weich.|服に犬の毛が付いています。|Fuku ni inu no ke ga tsuite imasu.|An der Kleidung hängen Hundehaare.
N4|小鳥|ことり|kleiner Vogel|Nomen|Natur|Kleine Vögel, besonders Sing- oder Ziervögel.|庭で小鳥が鳴いています。|Niwa de kotori ga naite imasu.|Im Garten zwitschern kleine Vögel.|窓から小鳥が見えました。|Mado kara kotori ga miemashita.|Vom Fenster aus konnte ich einen kleinen Vogel sehen.
N4|力|ちから|Kraft; Stärke; Fähigkeit|Nomen|Abstrakt|力を入れる kann körperlichen oder geistigen Einsatz meinen.|この箱を持つには力が必要です。|Kono hako o motsu ni wa chikara ga hitsuyou desu.|Man braucht Kraft, um diese Kiste zu tragen.|皆で力を合わせましょう。|Mina de chikara o awasemashou.|Bündeln wir unsere Kräfte.
N4|線|せん|Linie; Strecke|Nomen|Abstrakt|Für gezeichnete Linien und Verkehrsverbindungen.|赤い線の後ろで待ってください。|Akai sen no ushiro de matte kudasai.|Warten Sie bitte hinter der roten Linie.|紙にまっすぐな線を引きます。|Kami ni massugu na sen o hikimasu.|Ich ziehe eine gerade Linie auf dem Papier.
N4|点|てん|Punkt; Punktzahl; Aspekt|Nomen|Bildung|試験の点 für Prüfungspunkte; この点 für diesen Aspekt.|試験で九十点を取りました。|Shiken de kyuujuuten o torimashita.|Ich habe bei der Prüfung 90 Punkte erreicht.|分からない点を質問してください。|Wakaranai ten o shitsumon shite kudasai.|Fragen Sie bitte nach den Punkten, die Sie nicht verstehen.
N4|別|べつ|anders; getrennt; ein anderer|Nomen|Vergleich|別の vor einem Nomen; 別々に bedeutet getrennt voneinander.|別の日に会いましょう。|Betsu no hi ni aimashou.|Treffen wir uns an einem anderen Tag.|これは別の問題です。|Kore wa betsu no mondai desu.|Das ist ein anderes Problem.
N4|変|へん|seltsam; merkwürdig|Adjektiv|Eigenschaften|な-Adjektiv: 変な音; nicht mit 辺（Umgebung）verwechseln.|外で変な音がしました。|Soto de hen na oto ga shimashita.|Draußen war ein seltsames Geräusch zu hören.|この文章は少し変です。|Kono bunshou wa sukoshi hen desu.|Dieser Satz klingt etwas merkwürdig.
N4|昔|むかし|früher; alte Zeiten|Nomen|Zeit|Bezieht sich auf eine weiter zurückliegende Zeit.|昔、この町に住んでいました。|Mukashi, kono machi ni sunde imashita.|Früher habe ich in dieser Stadt gewohnt.|祖父から昔の話を聞きました。|Sofu kara mukashi no hanashi o kikimashita.|Mein Großvater hat mir von früher erzählt.
N4|昼間|ひるま|tagsüber; Tageszeit|Nomen|Zeit|Die helle Tageszeit im Gegensatz zur Nacht.|昼間は家にいません。|Hiruma wa ie ni imasen.|Tagsüber bin ich nicht zu Hause.|昼間は暖かいですが、夜は寒いです。|Hiruma wa atatakai desu ga, yoru wa samui desu.|Tagsüber ist es warm, aber nachts kalt.
N4|林|はやし|Wäldchen; Gehölz|Nomen|Natur|Meist kleiner oder lichter als 森.|家の後ろに林があります。|Ie no ushiro ni hayashi ga arimasu.|Hinter dem Haus ist ein Wäldchen.|林の中を歩きました。|Hayashi no naka o arukimashita.|Ich bin durch das Wäldchen gegangen.
N4|喉|のど|Hals; Kehle|Nomen|Körper|喉が渇く bedeutet Durst haben.|喉が痛いので、今日は話せません。|Nodo ga itai node, kyou wa hanasemasen.|Weil mein Hals wehtut, kann ich heute nicht sprechen.|喉が渇きました。水をください。|Nodo ga kawakimashita. Mizu o kudasai.|Ich habe Durst. Geben Sie mir bitte Wasser.
N4|ご存じ|ごぞんじ|wissen; kennen (respektvoll)|Ausdruck|Kommunikation|Auch ご存知; respektvolle Form von 知っている.|この方をご存じですか。|Kono kata o gozonji desu ka.|Kennen Sie diese Person?|先生はその話をご存じです。|Sensei wa sono hanashi o gozonji desu.|Die Lehrperson kennt diese Geschichte.
N4|引き出す|ひきだす|herausziehen; abheben; hervorlocken|Verb|Handlung|Geld abheben: お金を引き出す.|銀行でお金を引き出しました。|Ginkou de okane o hikidashimashita.|Ich habe bei der Bank Geld abgehoben.|机の下から箱を引き出しました。|Tsukue no shita kara hako o hikidashimashita.|Ich habe die Kiste unter dem Tisch hervorgezogen.|godan
N4|降り出す|ふりだす|zu regnen oder zu schneien anfangen|Verb|Wetter|Subjekt ist meist 雨 oder 雪.|帰る途中で雨が降り出しました。|Kaeru tochuu de ame ga furidashimashita.|Auf dem Heimweg fing es an zu regnen.|雪が降り出す前に出発しましょう。|Yuki ga furidasu mae ni shuppatsu shimashou.|Fahren wir los, bevor es anfängt zu schneien.|godan
N4|向かう|むかう|sich auf den Weg machen; sich zuwenden|Verb|Bewegung|Ziel mit に oder へ; oft ～に向かって.|今、駅に向かっています。|Ima, eki ni mukatte imasu.|Ich bin gerade auf dem Weg zum Bahnhof.|学生は黒板に向かって座っています。|Gakusei wa kokuban ni mukatte suwatte imasu.|Die Studierenden sitzen der Tafel zugewandt.|godan
N4|申し上げる|もうしあげる|sagen; mitteilen (bescheiden)|Verb|Kommunikation|Bescheidene Form für die eigene Äußerung gegenüber einer höhergestellten Person.|心からお礼を申し上げます。|Kokoro kara orei o moushiagemasu.|Ich danke Ihnen von Herzen.|詳しいことは明日申し上げます。|Kuwashii koto wa ashita moushiagemasu.|Die Einzelheiten teile ich Ihnen morgen mit.|ichidan
N4|だから|だから|deshalb; darum|Ausdruck|Kommunikation|Verknüpft einen Grund mit seiner Folge; höflicher ですから.|今日は休みです。だから、家にいます。|Kyou wa yasumi desu. Dakara, ie ni imasu.|Heute habe ich frei. Deshalb bin ich zu Hause.|雨だから、傘を持って行きます。|Ame dakara, kasa o motte ikimasu.|Weil es regnet, nehme ich einen Schirm mit.
N4|すると|すると|daraufhin; dann|Ausdruck|Kommunikation|Leitet eine folgende, oft neu bemerkte Situation ein.|窓を開けました。すると、猫が入ってきました。|Mado o akemashita. Suruto, neko ga haitte kimashita.|Ich öffnete das Fenster. Daraufhin kam eine Katze herein.|ボタンを押します。すると、ドアが開きます。|Botan o oshimasu. Suruto, doa ga akimasu.|Man drückt die Taste. Dann öffnet sich die Tür.
N4|それで|それで|deshalb; und dann|Ausdruck|Kommunikation|Verknüpft Ursache und Folge oder fragt nach der Fortsetzung einer Geschichte.|電車が止まりました。それで遅れました。|Densha ga tomarimashita. Sorede okuremashita.|Der Zug blieb stehen. Deshalb kam ich zu spät.|それで、どうなりましたか。|Sorede, dou narimashita ka.|Und wie ging es dann weiter?
N4|それに|それに|außerdem; dazu|Ausdruck|Kommunikation|Fügt einen weiteren Grund oder eine weitere Eigenschaft hinzu.|この店は安いです。それに、おいしいです。|Kono mise wa yasui desu. Soreni, oishii desu.|Dieses Restaurant ist günstig. Außerdem schmeckt das Essen gut.|今日は寒いです。それに風も強いです。|Kyou wa samui desu. Soreni kaze mo tsuyoi desu.|Heute ist es kalt. Außerdem weht starker Wind.
N4|そんな|そんな|solch; so ein|Adjektiv|Eigenschaften|Vor einem Nomen; bezieht sich auf etwas beim Gegenüber oder zuvor Erwähntes.|そんな話は聞いたことがありません。|Sonna hanashi wa kiita koto ga arimasen.|So eine Geschichte habe ich noch nie gehört.|そんなことを言わないでください。|Sonna koto o iwanaide kudasai.|Sagen Sie bitte so etwas nicht.
N4|あんな|あんな|solch; so ein dort|Adjektiv|Eigenschaften|Vor einem Nomen; verweist auf etwas Entfernteres oder gemeinsam Erinnertes.|あんな家に住みたいです。|Anna ie ni sumitai desu.|Ich möchte in so einem Haus wohnen.|あんなに大きい犬は初めて見ました。|Anna ni ookii inu wa hajimete mimashita.|So einen großen Hund habe ich zum ersten Mal gesehen.
N4|そんなに|そんなに|so sehr; so viel|Adverb|Art und Weise|Betont einen Grad; oft auch in verneinten Aussagen.|そんなに急がなくてもいいです。|Sonna ni isoganakute mo ii desu.|Sie brauchen sich nicht so zu beeilen.|そんなに高いとは思いませんでした。|Sonna ni takai to wa omoimasen deshita.|Ich hätte nicht gedacht, dass es so teuer ist.
N4|だいぶ|だいぶ|ziemlich; erheblich|Adverb|Art und Weise|Auch 大分; oft für eine deutliche Veränderung.|日本語がだいぶ分かるようになりました。|Nihongo ga daibu wakaru you ni narimashita.|Ich verstehe inzwischen erheblich mehr Japanisch.|風邪はだいぶよくなりました。|Kaze wa daibu yoku narimashita.|Meine Erkältung ist deutlich besser geworden.
N4|もし|もし|falls; wenn|Adverb|Abstrakt|Verstärkt eine Bedingung, etwa mit ～たら oder ～なら.|もし雨が降ったら、家にいます。|Moshi ame ga futtara, ie ni imasu.|Falls es regnet, bleibe ich zu Hause.|もし時間があれば、手伝ってください。|Moshi jikan ga areba, tetsudatte kudasai.|Wenn Sie Zeit haben, helfen Sie bitte.
N4|または|または|oder|Ausdruck|Kommunikation|Verbindet Alternativen, besonders in sachlichen Hinweisen.|ペンまたは鉛筆で書いてください。|Pen mata wa enpitsu de kaite kudasai.|Schreiben Sie bitte mit Kugelschreiber oder Bleistift.|月曜日または火曜日に来てください。|Getsuyoubi mata wa kayoubi ni kite kudasai.|Kommen Sie bitte am Montag oder Dienstag.
N4|ため|ため|Zweck; Nutzen; Grund|Nomen|Abstrakt|～のために kann für jemanden oder für einen Zweck bedeuten.|家族のために料理を作ります。|Kazoku no tame ni ryouri o tsukurimasu.|Ich koche für meine Familie.|試験に合格するために勉強しています。|Shiken ni goukaku suru tame ni benkyou shite imasu.|Ich lerne, um die Prüfung zu bestehen.
N4|はず|はず|Erwartung; sollte eigentlich|Nomen|Abstrakt|Begründete Erwartung: ～はずです; keine Verpflichtung.|田中さんはもう家にいるはずです。|Tanaka-san wa mou ie ni iru hazu desu.|Herr oder Frau Tanaka müsste inzwischen zu Hause sein.|今日は店が開いているはずです。|Kyou wa mise ga aite iru hazu desu.|Das Geschäft müsste heute geöffnet sein.
N4|訳|わけ|Grund; Umstand; Bedeutung|Nomen|Abstrakt|In vielen Erklärungen und Wendungen; 訳（やく）bedeutet Übersetzung.|遅れた訳を教えてください。|Okureta wake o oshiete kudasai.|Nennen Sie mir bitte den Grund für die Verspätung.|高い物がいつもいい訳ではありません。|Takai mono ga itsumo ii wake de wa arimasen.|Teure Dinge sind nicht unbedingt immer gut.
N4|おかげ|おかげ|dank; hilfreicher Einfluss|Nomen|Abstrakt|Meist für einen günstigen Ausgang; ～のおかげで.|先生のおかげで合格できました。|Sensei no okage de goukaku dekimashita.|Dank meiner Lehrperson habe ich bestanden.|薬のおかげでよく眠れました。|Kusuri no okage de yoku nemuremashita.|Dank der Medizin konnte ich gut schlafen.
N4|おかしい|おかしい|seltsam; komisch; lustig|Adjektiv|Eigenschaften|Je nach Kontext merkwürdig oder zum Lachen.|時計の音がおかしいです。|Tokei no oto ga okashii desu.|Die Uhr macht ein seltsames Geräusch.|彼の話がおかしくて笑いました。|Kare no hanashi ga okashikute waraimashita.|Seine Geschichte war so lustig, dass ich gelacht habe.
N4|おもちゃ|おもちゃ|Spielzeug|Nomen|Freizeit|Auch 玩具; üblich ist die Hiragana-Schreibung.|子供がおもちゃで遊んでいます。|Kodomo ga omocha de asonde imasu.|Das Kind spielt mit Spielzeug.|おもちゃを箱に片付けてください。|Omocha o hako ni katazukete kudasai.|Räumen Sie das Spielzeug bitte in die Kiste.
N4|この間|このあいだ|neulich; letztens|Nomen|Zeit|Bezieht sich auf einen kürzlich vergangenen Zeitpunkt.|この間、駅で先生に会いました。|Kono aida, eki de sensei ni aimashita.|Neulich habe ich die Lehrperson am Bahnhof getroffen.|この間の写真を送ります。|Kono aida no shashin o okurimasu.|Ich schicke die Fotos von neulich.
N4|アクセサリー|アクセサリー|Schmuck; Accessoires|Nomen|Alltag|Kleine Gegenstände zum Schmücken der Kleidung oder des Körpers.|旅行先でアクセサリーを買いました。|Ryokousaki de akusesarii o kaimashita.|Ich habe auf der Reise Schmuck gekauft.|仕事中はアクセサリーを外します。|Shigotochuu wa akusesarii o hazushimasu.|Während der Arbeit lege ich den Schmuck ab.
N4|アナウンサー|アナウンサー|Nachrichtensprecher; Moderator|Nomen|Medien|Sprecher oder Moderator bei Radio und Fernsehen.|アナウンサーがニュースを読んでいます。|Anaunsaa ga nyuusu o yonde imasu.|Die Nachrichtensprecherin liest die Nachrichten.|将来はアナウンサーになりたいです。|Shourai wa anaunsaa ni naritai desu.|Ich möchte später Moderator werden.
N4|アルコール|アルコール|Alkohol|Nomen|Essen|Für alkoholische Getränke und den Stoff Alkohol.|この飲み物にはアルコールが入っていません。|Kono nomimono ni wa arukooru ga haitte imasen.|Dieses Getränk enthält keinen Alkohol.|運転するのでアルコールは飲みません。|Unten suru node arukooru wa nomimasen.|Ich trinke keinen Alkohol, weil ich fahre.
N4|エスカレーター|エスカレーター|Rolltreppe|Nomen|Wohnen|Von エレベーター（Aufzug）unterscheiden.|エスカレーターで二階に上がります。|Esukareetaa de nikai ni agarimasu.|Ich fahre mit der Rolltreppe in den zweiten Stock.|エスカレーターでは走らないでください。|Esukareetaa de wa hashiranaide kudasai.|Laufen Sie bitte nicht auf der Rolltreppe.
N4|オートバイ|オートバイ|Motorrad|Nomen|Verkehr|Auch バイク genannt.|兄はオートバイで会社に通っています。|Ani wa ootobai de kaisha ni kayotte imasu.|Mein älterer Bruder fährt mit dem Motorrad zur Arbeit.|オートバイに乗る時はヘルメットを被ります。|Ootobai ni noru toki wa herumetto o kaburimasu.|Beim Motorradfahren trage ich einen Helm.
N4|ガソリン|ガソリン|Benzin|Nomen|Verkehr|ガソリンを入れる bedeutet tanken.|車にガソリンを入れました。|Kuruma ni gasorin o iremashita.|Ich habe das Auto betankt.|ガソリンの値段が上がりました。|Gasorin no nedan ga agarimashita.|Der Benzinpreis ist gestiegen.
N4|サラダ|サラダ|Salat|Nomen|Essen|サラダを作る für die Zubereitung.|野菜を切ってサラダを作ります。|Yasai o kitte sarada o tsukurimasu.|Ich schneide Gemüse und mache Salat.|昼ご飯はサラダとパンでした。|Hirugohan wa sarada to pan deshita.|Zum Mittagessen gab es Salat und Brot.
N4|サンドイッチ|サンドイッチ|Sandwich|Nomen|Essen|Auch サンドウィッチ; beides bezeichnet belegte Brotscheiben.|駅でサンドイッチを買いました。|Eki de sandoicchi o kaimashita.|Ich habe am Bahnhof ein Sandwich gekauft.|卵のサンドイッチを二つください。|Tamago no sandoicchi o futatsu kudasai.|Ich hätte gern zwei Eiersandwiches.
N4|ジャム|ジャム|Marmelade; Konfitüre|Nomen|Essen|パンにジャムを塗る bedeutet Marmelade aufs Brot streichen.|パンにいちごのジャムを塗ります。|Pan ni ichigo no jamu o nurimasu.|Ich streiche Erdbeermarmelade aufs Brot.|このジャムはあまり甘くありません。|Kono jamu wa amari amaku arimasen.|Diese Marmelade ist nicht besonders süß.
N4|ステーキ|ステーキ|Steak|Nomen|Essen|Meist ein gebratenes Stück Fleisch.|夕飯にステーキを焼きました。|Yuuhan ni suteeki o yakimashita.|Zum Abendessen habe ich Steak gebraten.|この店のステーキは柔らかいです。|Kono mise no suteeki wa yawarakai desu.|Das Steak in diesem Restaurant ist zart.
N4|スーツ|スーツ|Anzug; Kostüm|Nomen|Alltag|Für formelle, zusammengehörige Kleidung.|面接にはスーツを着て行きます。|Mensetsu ni wa suutsu o kite ikimasu.|Zum Vorstellungsgespräch gehe ich im Anzug.|新しいスーツを買う必要があります。|Atarashii suutsu o kau hitsuyou ga arimasu.|Ich muss einen neuen Anzug kaufen.
N4|サンダル|サンダル|Sandalen|Nomen|Alltag|履く（はく）für das Anziehen.|夏はよくサンダルを履きます。|Natsu wa yoku sandaru o hakimasu.|Im Sommer trage ich oft Sandalen.|このサンダルは歩きやすいです。|Kono sandaru wa arukiyasui desu.|In diesen Sandalen lässt es sich gut gehen.
N4|テキスト|テキスト|Lehrbuch; Text|Nomen|Bildung|Im Unterricht häufig das Lehrbuch oder Kursmaterial.|授業の前にテキストを読んでください。|Jugyou no mae ni tekisuto o yonde kudasai.|Lesen Sie vor dem Unterricht bitte das Lehrbuch.|テキストを家に忘れてしまいました。|Tekisuto o ie ni wasurete shimaimashita.|Ich habe das Lehrbuch zu Hause vergessen.
N4|タイプ|タイプ|Typ; Art|Nomen|Eigenschaften|Für Arten von Dingen oder persönliche Vorlieben.|どんなタイプの部屋を探していますか。|Donna taipu no heya o sagashite imasu ka.|Was für eine Art Zimmer suchen Sie?|彼は静かなタイプの人です。|Kare wa shizuka na taipu no hito desu.|Er ist ein eher ruhiger Mensch.
N4|パート|パート|Teilzeitarbeit; Teilzeitkraft|Nomen|Arbeit|パートで働く; auch für einen Teil eines Werkes oder eine Stimme in Musik.|母は近くの店でパートをしています。|Haha wa chikaku no mise de paato o shite imasu.|Meine Mutter arbeitet in einem Geschäft in der Nähe in Teilzeit.|パートの仕事を探しています。|Paato no shigoto o sagashite imasu.|Ich suche eine Teilzeitstelle.
N4|二階建て|にかいだて|zweistöckig|Nomen|Wohnen|Bei Gebäuden bedeutet 二階 Erdgeschoss plus ein Obergeschoss.|二階建ての家に住んでいます。|Nikaidate no ie ni sunde imasu.|Ich wohne in einem zweistöckigen Haus.|駅の前に二階建ての店があります。|Eki no mae ni nikaidate no mise ga arimasu.|Vor dem Bahnhof gibt es ein Geschäft mit zwei Etagen.
N4|おいでになる|おいでになる|kommen; gehen; da sein (respektvoll)|Verb|Kommunikation|Respektvolle Wendung für die Handlung einer anderen Person; höflich おいでになります.|先生はもうおいでになりました。|Sensei wa mou oide ni narimashita.|Die Lehrperson ist bereits angekommen.|明日もこちらにおいでになりますか。|Ashita mo kochira ni oide ni narimasu ka.|Kommen Sie morgen auch hierher?|godan
N4|なさる|なさる|tun; machen (respektvoll)|Verb|Kommunikation|Respektvolles する; Sonderform なさいます, nicht なさります.|先生は何をなさっていますか。|Sensei wa nani o nasatte imasu ka.|Was macht die Lehrperson gerade?|週末は何をなさいますか。|Shuumatsu wa nani o nasaimasu ka.|Was unternehmen Sie am Wochenende?|godan
N4|びっくり|びっくり|Überraschung; erschrocken|Adverb|Gefühle|Mit する: überrascht sein oder erschrecken.|大きな音にびっくりしました。|Ookina oto ni bikkuri shimashita.|Ich bin bei dem lauten Geräusch erschrocken.|値段を見てびっくりしました。|Nedan o mite bikkuri shimashita.|Als ich den Preis sah, war ich überrascht.
N4|程|ほど|Grad; Ausmaß; ungefähr|Partikel|Vergleich|Bei Mengen ungefähr; in Vergleichen oft ～ほど～ない.|十分程待ちました。|Juppun hodo machimashita.|Ich habe ungefähr zehn Minuten gewartet.|今日は昨日ほど寒くありません。|Kyou wa kinou hodo samuku arimasen.|Heute ist es nicht so kalt wie gestern.
N4|内|うち|Inneres; innerhalb|Nomen|Ort|～の内に für innerhalb eines Bereichs; 家（うち）bedeutet Zuhause.|箱の内側を見てください。|Hako no uchigawa o mite kudasai.|Sehen Sie sich bitte die Innenseite der Schachtel an.|今日の内に返事をします。|Kyou no uchi ni henji o shimasu.|Ich antworte noch heute.
N4|ちゃん|ちゃん|vertrauliche Namensendung|Ausdruck|Menschen|Vor allem bei Kindern und vertrauten Personen; nicht pauschal für alle Frauen verwenden.|花ちゃんはもう寝ました。|Hana-chan wa mou nemashita.|Die kleine Hana schläft schon.|ゆきちゃんと公園で遊びました。|Yuki-chan to kouen de asobimashita.|Ich habe mit Yuki im Park gespielt.
N4|髭|ひげ|Bart; Barthaare|Nomen|Körper|Auch ひげ; nicht mit 卑下（Selbsterniedrigung）verwechseln.|父は毎朝、髭をそります。|Chichi wa maiasa, hige o sorimasu.|Mein Vater rasiert sich jeden Morgen.|兄は髭を伸ばしています。|Ani wa hige o nobashite imasu.|Mein älterer Bruder lässt sich einen Bart wachsen.
N4|事|こと|Sache; Angelegenheit; Geschehen|Nomen|Abstrakt|Meist こと; für abstrakte Sachverhalte im Unterschied zu konkreten 物.|大事な事を忘れていました。|Daiji na koto o wasurete imashita.|Ich hatte etwas Wichtiges vergessen.|分からない事があれば聞いてください。|Wakaranai koto ga areba kiite kudasai.|Fragen Sie bitte, wenn Sie etwas nicht verstehen.
N4|湯|ゆ|heißes Wasser; Badewasser|Nomen|Alltag|Im Alltag meist お湯; 水 meint häufig kaltes Wasser.|お湯を沸かしてください。|Oyu o wakashite kudasai.|Kochen Sie bitte Wasser auf.|お風呂のお湯が熱いです。|Ofuro no oyu ga atsui desu.|Das Badewasser ist heiß.
N4|止む|やむ|aufhören; nachlassen (Wetter, Geräusch)|Verb|Wetter|Intransitiv; 雨が止む. Nicht 病む（erkranken）.|雨が止んだら出かけます。|Ame ga yandara dekakemasu.|Wenn der Regen aufhört, gehe ich aus.|夜になって風が止みました。|Yoru ni natte kaze ga yamimashita.|Am Abend ließ der Wind nach.|godan
N4|止める|やめる|aufhören mit; einstellen|Verb|Handlung|Nicht 止める（とめる、anhalten）; 辞める ist üblich für das Aufgeben einer Stelle.|たばこを止めました。|Tabako o yamemashita.|Ich habe mit dem Rauchen aufgehört.|雨なので試合を止めました。|Ame na node shiai o yamemashita.|Wegen des Regens haben wir das Spiel abgebrochen.|ichidan
N4|開く|ひらく|öffnen; aufschlagen; veranstalten|Verb|Handlung|Von 開く（あく、aufgehen）unterscheiden.|テキストを開いてください。|Tekisuto o hiraite kudasai.|Schlagen Sie bitte das Lehrbuch auf.|来月、小さな店を開きます。|Raigetsu, chiisana mise o hirakimasu.|Nächsten Monat eröffne ich einen kleinen Laden.|godan
N4|用|よう|Angelegenheit; Zweck; Bedarf|Nomen|Abstrakt|用がある bedeutet etwas zu erledigen haben.|今日は用があるので、先に帰ります。|Kyou wa you ga aru node, saki ni kaerimasu.|Ich gehe heute früher, weil ich etwas zu erledigen habe.|何か私に用がありますか。|Nanika watashi ni you ga arimasu ka.|Brauchen Sie etwas von mir?
N4|すり|すり|Taschendieb; Taschendiebstahl|Nomen|Recht|Auch 掏摸; meist in Hiragana geschrieben.|駅ですりに財布を取られました。|Eki de suri ni saifu o toraremashita.|Am Bahnhof wurde mir von einem Taschendieb die Geldbörse gestohlen.|人が多い所ではすりに気を付けてください。|Hito ga ooi tokoro de wa suri ni ki o tsukete kudasai.|Achten Sie an belebten Orten auf Taschendiebe.
N4|床屋|とこや|Friseur; Friseurladen (traditionell für Männer)|Nomen|Alltag|Alltagssprachlich; 理容室 ist eine sachlichere Bezeichnung.|駅前の床屋で髪を切りました。|Ekimae no tokoya de kami o kirimashita.|Ich habe beim Friseur vor dem Bahnhof die Haare schneiden lassen.|父は毎月、床屋に行きます。|Chichi wa maitsuki, tokoya ni ikimasu.|Mein Vater geht jeden Monat zum Friseur.
N3|本人|ほんにん|die betreffende Person selbst|Nomen|Menschen|本人確認 bedeutet Identitätsprüfung.|詳しいことは本人に聞いてください。|Kuwashii koto wa honnin ni kiite kudasai.|Fragen Sie die betreffende Person selbst nach den Einzelheiten.|申し込みには本人の署名が必要です。|Moushikomi ni wa honnin no shomei ga hitsuyou desu.|Für die Anmeldung ist die eigene Unterschrift erforderlich.
N3|一人一人|ひとりひとり|jeder Einzelne|Nomen|Menschen|Betont die einzelnen Personen einer Gruppe.|先生は一人一人に質問しました。|Sensei wa hitorihitori ni shitsumon shimashita.|Die Lehrperson hat jedem Einzelnen eine Frage gestellt.|一人一人の意見を大切にします。|Hitorihitori no iken o taisetsu ni shimasu.|Wir schätzen die Meinung jedes Einzelnen.
N3|一言|ひとこと|ein Wort; eine kurze Bemerkung|Nomen|Kommunikation|一言で言うと bedeutet mit einem Wort gesagt.|最後に一言お願いします。|Saigo ni hitokoto onegai shimasu.|Bitte sagen Sie zum Abschluss noch ein paar Worte.|彼女は何も言わず、一言だけ書きました。|Kanojo wa nani mo iwazu, hitokoto dake kakimashita.|Sie sagte nichts und schrieb nur ein Wort.
N3|出会い|であい|Begegnung; Kennenlernen|Nomen|Beziehungen|Nomen zu 出会う; oft für bedeutsame Begegnungen.|旅では新しい出会いがあります。|Tabi de wa atarashii deai ga arimasu.|Auf Reisen gibt es neue Begegnungen.|先生との出会いが人生を変えました。|Sensei to no deai ga jinsei o kaemashita.|Die Begegnung mit der Lehrperson hat mein Leben verändert.
N3|記入|きにゅう|Eintragen; Ausfüllen|Nomen|Verwaltung|Mit する; häufig bei Formularen und Anträgen.|ここに住所を記入してください。|Koko ni juusho o kinyuu shite kudasai.|Tragen Sie hier bitte Ihre Adresse ein.|記入した用紙を受付に出しました。|Kinyuu shita youshi o uketsuke ni dashimashita.|Ich habe das ausgefüllte Formular am Empfang abgegeben.
N3|学習|がくしゅう|Lernen; Studium|Nomen|Bildung|Sachlicher als 勉強; mit する verwendbar.|毎日の学習時間を決めています。|Mainichi no gakushuu jikan o kimete imasu.|Ich lege meine tägliche Lernzeit fest.|新しい単語を例文と一緒に学習します。|Atarashii tango o reibun to issho ni gakushuu shimasu.|Ich lerne neue Wörter zusammen mit Beispielsätzen.
N3|読書|どくしょ|Bücherlesen; Lektüre|Nomen|Freizeit|Mit する; das Lesen von Büchern als Tätigkeit.|趣味は読書です。|Shumi wa dokusho desu.|Mein Hobby ist Lesen.|寝る前に三十分ほど読書します。|Neru mae ni sanjuppun hodo dokusho shimasu.|Vor dem Schlafengehen lese ich ungefähr eine halbe Stunde.
N3|語学|ごがく|Sprachenlernen; Sprachstudium|Nomen|Bildung|Bezieht sich besonders auf das Erlernen von Fremdsprachen.|語学を学ぶために留学しました。|Gogaku o manabu tame ni ryuugaku shimashita.|Ich bin zum Sprachenlernen ins Ausland gegangen.|彼女は語学が得意です。|Kanojo wa gogaku ga tokui desu.|Sie ist gut in Fremdsprachen.
N3|外出|がいしゅつ|Ausgehen; außer Haus sein|Nomen|Alltag|Mit する; 外出中 heißt gerade außer Haus.|外出する時は窓を閉めてください。|Gaishutsu suru toki wa mado o shimete kudasai.|Schließen Sie bitte die Fenster, wenn Sie ausgehen.|担当者はただ今、外出中です。|Tantousha wa tadaima, gaishutsuchuu desu.|Die zuständige Person ist gerade außer Haus.
N3|帰宅|きたく|Heimkehr; nach Hause kommen|Nomen|Alltag|Mit する; sachliches Wort für die Rückkehr nach Hause.|帰宅してから夕飯を作ります。|Kitaku shite kara yuuhan o tsukurimasu.|Nach der Heimkehr koche ich Abendessen.|今日は帰宅が遅くなりそうです。|Kyou wa kitaku ga osoku narisou desu.|Heute werde ich wohl spät nach Hause kommen.
N3|会合|かいごう|Treffen; Zusammenkunft|Nomen|Gesellschaft|Organisiertes Treffen für Austausch oder Beratung.|来週、地域の会合があります。|Raishuu, chiiki no kaigou ga arimasu.|Nächste Woche findet ein Treffen der Nachbarschaft statt.|会合で新しい計画について話しました。|Kaigou de atarashii keikaku ni tsuite hanashimashita.|Bei der Zusammenkunft haben wir über den neuen Plan gesprochen.
N3|昼食|ちゅうしょく|Mittagessen|Nomen|Essen|Sachlicher als 昼ご飯; häufig in Tagesplänen.|昼食は十二時からです。|Chuushoku wa juuniji kara desu.|Das Mittagessen beginnt um zwölf.|同僚と昼食を取りながら話しました。|Douryou to chuushoku o torinagara hanashimashita.|Ich habe mich beim Mittagessen mit Kollegen unterhalten.
N3|正午|しょうご|zwölf Uhr mittags|Nomen|Zeit|Genau 12:00 Uhr; 昼 kann eine breitere Zeitspanne meinen.|正午に駅の前で会いましょう。|Shougo ni eki no mae de aimashou.|Treffen wir uns um zwölf Uhr mittags vor dem Bahnhof.|受付は正午までです。|Uketsuke wa shougo made desu.|Die Anmeldung ist bis zwölf Uhr mittags möglich.
N3|長期|ちょうき|langer Zeitraum; langfristig|Nomen|Zeit|Gegensatz 短期; etwa 長期の計画.|長期の旅行を計画しています。|Chouki no ryokou o keikaku shite imasu.|Ich plane eine längere Reise.|この問題は長期的に考える必要があります。|Kono mondai wa choukiteki ni kangaeru hitsuyou ga arimasu.|Dieses Problem muss langfristig betrachtet werden.
N3|中学|ちゅうがく|Mittelschule; Sekundarstufe I|Nomen|Bildung|Kurzform von 中学校.|中学では英語を勉強しました。|Chuugaku de wa eigo o benkyou shimashita.|In der Mittelschule habe ich Englisch gelernt.|中学の友達と久しぶりに会いました。|Chuugaku no tomodachi to hisashiburi ni aimashita.|Ich habe nach langer Zeit Freunde aus der Mittelschule getroffen.
N3|大部分|だいぶぶん|größter Teil; überwiegender Teil|Nomen|Abstrakt|Meist ～の大部分.|仕事の大部分は終わりました。|Shigoto no daibubun wa owarimashita.|Der größte Teil der Arbeit ist erledigt.|参加者の大部分は学生でした。|Sankasha no daibubun wa gakusei deshita.|Die meisten Teilnehmenden waren Studierende.
N3|大半|たいはん|mehr als die Hälfte; Großteil|Nomen|Abstrakt|Für einen überwiegenden Anteil.|休日の大半を読書に使いました。|Kyuujitsu no taihan o dokusho ni tsukaimashita.|Den Großteil des freien Tages habe ich mit Lesen verbracht.|会場の席は大半が埋まっています。|Kaijou no seki wa taihan ga umatte imasu.|Die meisten Plätze im Saal sind besetzt.
N3|同一|どういつ|identisch; derselbe|Nomen|Vergleich|同一の vor einem Nomen; betont genaue Übereinstimmung.|二つの書類には同一の番号が付いています。|Futatsu no shorui ni wa douitsu no bangou ga tsuite imasu.|Die beiden Dokumente tragen dieselbe Nummer.|同一人物だとは気付きませんでした。|Douitsu jinbutsu da to wa kizukimasen deshita.|Mir war nicht aufgefallen, dass es dieselbe Person war.
N3|不利|ふり|ungünstig; nachteilig|Adjektiv|Bewertung|な-Adjektiv; Gegensatz 有利.|雨はこのチームに不利です。|Ame wa kono chiimu ni furi desu.|Der Regen ist für diese Mannschaft nachteilig.|不利な条件でも諦めませんでした。|Furi na jouken de mo akiramemasen deshita.|Auch unter ungünstigen Bedingungen haben wir nicht aufgegeben.
N3|地平線|ちへいせん|Horizont über dem Land|Nomen|Natur|Über dem Meer verwendet man häufig 水平線.|地平線の向こうに日が沈みました。|Chiheisen no mukou ni hi ga shizumimashita.|Die Sonne ist hinter dem Horizont untergegangen.|広い平野では地平線まで見渡せます。|Hiroi heiya de wa chiheisen made miwatasemasu.|Auf der weiten Ebene kann man bis zum Horizont sehen.
N3|国家|こっか|Staat; Nation|Nomen|Politik|Sachlicher Begriff für das politische Gemeinwesen.|教育は国家の大切な役割です。|Kyouiku wa kokka no taisetsu na yakuwari desu.|Bildung ist eine wichtige Aufgabe des Staates.|国家と個人の関係について学びました。|Kokka to kojin no kankei ni tsuite manabimashita.|Ich habe etwas über das Verhältnis zwischen Staat und Individuum gelernt.
N3|あらゆる|あらゆる|alle denkbaren; jede Art von|Adjektiv|Abstrakt|Steht direkt vor einem Nomen; nicht あらゆるの.|あらゆる方法を試しました。|Arayuru houhou o tameshimashita.|Ich habe alle möglichen Methoden ausprobiert.|あらゆる年齢の人が参加できます。|Arayuru nenrei no hito ga sanka dekimasu.|Menschen jeden Alters können teilnehmen.
N3|単なる|たんなる|bloß; lediglich|Adjektiv|Bewertung|Steht direkt vor einem Nomen.|これは単なる間違いではありません。|Kore wa tannaru machigai de wa arimasen.|Das ist kein bloßer Fehler.|最初は単なる趣味でした。|Saisho wa tannaru shumi deshita.|Am Anfang war es nur ein Hobby.
N3|一種|いっしゅ|eine Art; eine Sorte|Nomen|Abstrakt|～の一種 für eine Unterart oder Einordnung.|これはハーブの一種です。|Kore wa haabu no isshu desu.|Das ist eine Art Kräuterpflanze.|読書も一種の旅だと思います。|Dokusho mo isshu no tabi da to omoimasu.|Ich finde, Lesen ist auch eine Art Reise.
N3|一家|いっか|eine Familie; der ganze Haushalt|Nomen|Familie|一家で bedeutet mit der ganzen Familie.|一家で田舎に引っ越しました。|Ikka de inaka ni hikkoshimashita.|Die ganze Familie ist aufs Land gezogen.|その店は一家で経営しています。|Sono mise wa ikka de keiei shite imasu.|Die Familie betreibt das Geschäft gemeinsam.
N3|今にも|いまにも|jeden Moment; gleich|Adverb|Zeit|Häufig mit ～そうだ für etwas unmittelbar Bevorstehendes.|今にも雨が降りそうです。|Ima ni mo ame ga furisou desu.|Es sieht aus, als würde es jeden Moment regnen.|子供は今にも泣き出しそうでした。|Kodomo wa ima ni mo nakidashisou deshita.|Das Kind war den Tränen nahe.
N3|少々|しょうしょう|ein wenig; einen Moment|Adverb|Zeit|Höflicher und formeller als 少し.|少々お待ちください。|Shoushou omachi kudasai.|Warten Sie bitte einen Moment.|塩を少々加えます。|Shio o shoushou kuwaemasu.|Ich gebe etwas Salz hinzu.
N3|少しも|すこしも|kein bisschen; überhaupt nicht|Adverb|Art und Weise|Mit einer Verneinung.|昨日は少しも眠れませんでした。|Kinou wa sukoshi mo nemuremasen deshita.|Gestern konnte ich überhaupt nicht schlafen.|説明を聞いても少しも分かりません。|Setsumei o kiite mo sukoshi mo wakarimasen.|Selbst nach der Erklärung verstehe ich kein bisschen.
N3|食品|しょくひん|Lebensmittel|Nomen|Essen|Sachlicher Sammelbegriff, besonders im Handel.|食品は涼しい所に置いてください。|Shokuhin wa suzushii tokoro ni oite kudasai.|Lagern Sie Lebensmittel bitte an einem kühlen Ort.|この店では外国の食品も売っています。|Kono mise de wa gaikoku no shokuhin mo utte imasu.|Dieses Geschäft verkauft auch ausländische Lebensmittel.
N3|書物|しょもつ|Buch; Bücher; Schrifttum|Nomen|Bildung|Formeller und literarischer als 本.|図書館には古い書物が残っています。|Toshokan ni wa furui shomotsu ga nokotte imasu.|In der Bibliothek sind alte Bücher erhalten geblieben.|書物を通して昔の生活を知ることができます。|Shomotsu o tooshite mukashi no seikatsu o shiru koto ga dekimasu.|Durch Bücher kann man das frühere Leben kennenlernen.
N3|急激|きゅうげき|rasch; abrupt; drastisch|Adjektiv|Eigenschaften|急激に für eine schnelle, starke Veränderung.|気温が急激に下がりました。|Kion ga kyuugeki ni sagarimashita.|Die Temperatur ist abrupt gesunken.|急激な変化に対応するのは難しいです。|Kyuugeki na henka ni taiou suru no wa muzukashii desu.|Auf drastische Veränderungen zu reagieren ist schwierig.
N3|現状|げんじょう|gegenwärtiger Zustand; aktuelle Lage|Nomen|Abstrakt|Oft 現状を把握する: die Lage erfassen.|まず現状を確認しましょう。|Mazu genjou o kakunin shimashou.|Stellen wir zunächst die aktuelle Lage fest.|現状では計画を変える必要があります。|Genjou de wa keikaku o kaeru hitsuyou ga arimasu.|Unter den gegenwärtigen Umständen müssen wir den Plan ändern.
N3|見解|けんかい|Ansicht; Auffassung|Nomen|Kommunikation|Sachliche, begründete Meinung.|この問題について専門家の見解を聞きました。|Kono mondai ni tsuite senmonka no kenkai o kikimashita.|Ich habe die Einschätzung eines Fachmanns zu diesem Problem gehört.|二人の見解は大きく異なります。|Futari no kenkai wa ookiku kotonarimasu.|Die Ansichten der beiden unterscheiden sich stark.
N3|候補|こうほ|Kandidat; mögliche Wahl|Nomen|Politik|Für Personen und mögliche Orte oder Lösungen.|旅行先の候補を三つ選びました。|Ryokousaki no kouho o mittsu erabimashita.|Wir haben drei mögliche Reiseziele ausgewählt.|彼は次の部長の候補です。|Kare wa tsugi no buchou no kouho desu.|Er ist ein Kandidat für die nächste Abteilungsleitung.
N3|参考|さんこう|Anhaltspunkt; Bezug; Orientierung|Nomen|Bildung|参考にする heißt zur Orientierung heranziehen.|先輩の意見を参考にしました。|Senpai no iken o sankou ni shimashita.|Ich habe die Meinung eines erfahreneren Kollegen als Orientierung genutzt.|この資料は参考になります。|Kono shiryou wa sankou ni narimasu.|Diese Unterlagen sind hilfreich zur Orientierung.
N3|事態|じたい|Sachlage; Situation|Nomen|Abstrakt|Häufig für eine sich entwickelnde oder problematische Lage.|事態は予想より深刻でした。|Jitai wa yosou yori shinkoku deshita.|Die Lage war ernster als erwartet.|事態が変われば連絡します。|Jitai ga kawareba renraku shimasu.|Ich melde mich, wenn sich die Lage ändert.
N3|実行|じっこう|Ausführung; Umsetzung|Nomen|Handlung|Mit する; einen Plan tatsächlich umsetzen.|計画を実行する時が来ました。|Keikaku o jikkou suru toki ga kimashita.|Es ist Zeit, den Plan umzusetzen.|言うだけでなく実行することが大切です。|Iu dake de naku jikkou suru koto ga taisetsu desu.|Es ist wichtig, nicht nur zu reden, sondern zu handeln.
N3|実は|じつは|tatsächlich; ehrlich gesagt|Adverb|Kommunikation|Leitet oft eine bislang unbekannte Information ein.|実は、来月引っ越すことになりました。|Jitsu wa, raigetsu hikkosu koto ni narimashita.|Tatsächlich werde ich nächsten Monat umziehen.|実は、その映画はもう見ました。|Jitsu wa, sono eiga wa mou mimashita.|Ehrlich gesagt habe ich den Film schon gesehen.
N3|重大|じゅうだい|schwerwiegend; bedeutend|Adjektiv|Bewertung|Für wichtige Folgen, Fehler oder Entscheidungen.|重大な間違いに気付きました。|Juudai na machigai ni kizukimashita.|Mir ist ein schwerwiegender Fehler aufgefallen.|これは将来に関わる重大な決定です。|Kore wa shourai ni kakawaru juudai na kettei desu.|Das ist eine bedeutende Entscheidung für die Zukunft.
N3|順調|じゅんちょう|reibungslos; gut verlaufend|Adjektiv|Zustand|順調に進む für einen guten Verlauf.|仕事は順調に進んでいます。|Shigoto wa junchou ni susunde imasu.|Die Arbeit läuft gut voran.|今のところ、準備は順調です。|Ima no tokoro, junbi wa junchou desu.|Bisher laufen die Vorbereitungen reibungslos.
N3|正式|せいしき|offiziell; formell|Adjektiv|Formalität|正式に für eine offizielle Handlung oder Bestätigung.|正式な返事は来週届きます。|Seishiki na henji wa raishuu todokimasu.|Die offizielle Antwort kommt nächste Woche.|新しい名前が正式に決まりました。|Atarashii namae ga seishiki ni kimarimashita.|Der neue Name wurde offiziell festgelegt.
N3|代表|だいひょう|Vertreter; Repräsentant|Nomen|Gesellschaft|Mit する auch vertreten oder repräsentieren.|クラスの代表を選びました。|Kurasu no daihyou o erabimashita.|Wir haben einen Klassensprecher gewählt.|会社を代表して挨拶しました。|Kaisha o daihyou shite aisatsu shimashita.|Ich habe im Namen der Firma eine Begrüßung gehalten.
N3|中心|ちゅうしん|Mitte; Zentrum; Schwerpunkt|Nomen|Ort|～を中心に bedeutet mit Schwerpunkt auf.|町の中心に大きな公園があります。|Machi no chuushin ni ookina kouen ga arimasu.|Im Stadtzentrum gibt es einen großen Park.|会話を中心に日本語を学んでいます。|Kaiwa o chuushin ni nihongo o manande imasu.|Ich lerne Japanisch mit Schwerpunkt auf Konversation.
N3|出来事|できごと|Ereignis; Geschehen|Nomen|Zeit|Etwas, das geschehen ist.|今日の出来事を日記に書きました。|Kyou no dekigoto o nikki ni kakimashita.|Ich habe die Ereignisse des Tages ins Tagebuch geschrieben.|その出来事は今でも覚えています。|Sono dekigoto wa ima de mo oboete imasu.|An dieses Ereignis erinnere ich mich noch heute.
N3|問い|とい|Frage; Fragestellung|Nomen|Bildung|Schriftlicher oder formeller als 質問.|次の問いに答えてください。|Tsugi no toi ni kotaete kudasai.|Beantworten Sie bitte die folgende Frage.|その問いには簡単に答えられません。|Sono toi ni wa kantan ni kotaeraremasen.|Diese Frage lässt sich nicht einfach beantworten.
N3|年間|ねんかん|im Jahr; ein Zeitraum von Jahren|Nomen|Zeit|年間 allein pro Jahr; nach einer Zahl die Dauer in Jahren.|年間で百冊ほど本を読みます。|Nenkan de hyakusatsu hodo hon o yomimasu.|Ich lese ungefähr hundert Bücher im Jahr.|三年間、日本に住んでいました。|Sannenkan, Nihon ni sunde imashita.|Ich habe drei Jahre in Japan gewohnt.
N3|年代|ねんだい|Jahrzehnt; Epoche; Altersgruppe|Nomen|Zeit|～年代 für ein Jahrzehnt, etwa 1990年代.|この建物は1980年代に建てられました。|Kono tatemono wa sen kyuuhyaku hachijuu nendai ni tateraremashita.|Dieses Gebäude wurde in den 1980er Jahren errichtet.|幅広い年代の人が集まりました。|Habahiroi nendai no hito ga atsumarimashita.|Menschen aus vielen Altersgruppen kamen zusammen.
N3|日付|ひづけ|Datum|Nomen|Zeit|Ein Kalenderdatum, nicht die Dauer von Tagen.|書類に今日の日付を書いてください。|Shorui ni kyou no hizuke o kaite kudasai.|Schreiben Sie das heutige Datum auf das Dokument.|日付を一日間違えていました。|Hizuke o ichinichi machigaete imashita.|Ich hatte mich beim Datum um einen Tag vertan.
N3|表面|ひょうめん|Oberfläche; Außenseite|Nomen|Abstrakt|Auch übertragen für den äußerlich sichtbaren Eindruck.|机の表面をきれいに拭きました。|Tsukue no hyoumen o kirei ni fukimashita.|Ich habe die Tischoberfläche sauber gewischt.|表面だけでは本当の問題は分かりません。|Hyoumen dake de wa hontou no mondai wa wakarimasen.|An der Oberfläche allein erkennt man das eigentliche Problem nicht.
N3|人物|じんぶつ|Person; Persönlichkeit; Figur|Nomen|Menschen|Für eine Person mit Blick auf ihren Charakter oder ihre Rolle.|彼は信頼できる人物です。|Kare wa shinrai dekiru jinbutsu desu.|Er ist eine vertrauenswürdige Person.|物語に出てくる人物を紹介します。|Monogatari ni dete kuru jinbutsu o shoukai shimasu.|Ich stelle die Figuren der Geschichte vor.
N3|姿|すがた|Gestalt; Erscheinung; Anblick|Nomen|Menschen|Sichtbare Erscheinung einer Person oder Sache.|駅で友達の姿を見つけました。|Eki de tomodachi no sugata o mitsukemashita.|Am Bahnhof habe ich meinen Freund erblickt.|子供が一生懸命学ぶ姿に感動しました。|Kodomo ga isshoukenmei manabu sugata ni kandou shimashita.|Der Anblick des eifrig lernenden Kindes hat mich berührt.
N3|命|いのち|Leben|Nomen|Gesundheit|Für das Leben eines Lebewesens; 命を守る heißt Leben schützen.|命より大切な物はありません。|Inochi yori taisetsu na mono wa arimasen.|Nichts ist wichtiger als das Leben.|医者が子供の命を救いました。|Isha ga kodomo no inochi o sukuimashita.|Die Ärztin hat das Leben des Kindes gerettet.
N3|差|さ|Unterschied; Abstand|Nomen|Vergleich|Für messbare oder erkennbare Unterschiede.|二つの商品には値段の差があります。|Futatsu no shouhin ni wa nedan no sa ga arimasu.|Zwischen den beiden Produkten gibt es einen Preisunterschied.|練習を続けると差が出ます。|Renshuu o tsuzukeru to sa ga demasu.|Durch regelmäßiges Üben zeigt sich ein Unterschied.
N3|金額|きんがく|Geldbetrag|Nomen|Finanzen|Eine konkrete Geldsumme.|支払う金額を確認してください。|Shiharau kingaku o kakunin shite kudasai.|Überprüfen Sie bitte den zu zahlenden Betrag.|予想より大きな金額になりました。|Yosou yori ookina kingaku ni narimashita.|Der Betrag war höher als erwartet.
N3|好み|このみ|Vorliebe; Geschmack|Nomen|Gefühle|好みに合う heißt dem eigenen Geschmack entsprechen.|味の好みは人によって違います。|Aji no konomi wa hito ni yotte chigaimasu.|Geschmackliche Vorlieben unterscheiden sich von Person zu Person.|自分の好みに合う服を選びました。|Jibun no konomi ni au fuku o erabimashita.|Ich habe Kleidung nach meinem Geschmack ausgewählt.
N3|決まり|きまり|Regel; festgelegte Ordnung|Nomen|Gesellschaft|Alltägliches Wort für Regeln oder Vereinbarungen.|学校の決まりを守ってください。|Gakkou no kimari o mamotte kudasai.|Halten Sie sich bitte an die Schulregeln.|ここでは靴を脱ぐ決まりです。|Koko de wa kutsu o nugu kimari desu.|Hier gilt die Regel, die Schuhe auszuziehen.
N3|癖|くせ|Gewohnheit; Eigenart; Tick|Nomen|Menschen|Häufig eine unbewusste oder unerwünschte Gewohnheit.|緊張すると髪を触る癖があります。|Kinchou suru to kami o sawaru kuse ga arimasu.|Wenn ich nervös bin, fasse ich mir gewohnheitsmäßig ins Haar.|早口になる癖を直したいです。|Hayakuchi ni naru kuse o naoshitai desu.|Ich möchte mir abgewöhnen, zu schnell zu sprechen.
N3|お互い|おたがい|einander; beide Seiten|Nomen|Beziehungen|お互いに für wechselseitige Handlungen.|お互いに助け合いましょう。|Otagai ni tasukeaimashou.|Helfen wir einander.|お互いの意見を尊重することが大切です。|Otagai no iken o sonchou suru koto ga taisetsu desu.|Es ist wichtig, die Meinung des anderen zu respektieren.
N3|気の毒|きのどく|bedauernswert; es tut jemandem leid|Adjektiv|Gefühle|気の毒に思う bedeutet Mitleid empfinden.|彼の話を聞いて気の毒に思いました。|Kare no hanashi o kiite kinodoku ni omoimashita.|Als ich seine Geschichte hörte, tat er mir leid.|せっかく来たのに会えなくて、お気の毒です。|Sekkaku kita no ni aenakute, okinodoku desu.|Es tut mir leid, dass Sie extra gekommen sind und die Person nicht treffen konnten.
N3|気味|きみ|Gefühl; Eindruck|Nomen|Gefühle|気味が悪い: unheimlich. Das Suffix ～気味 wird dagegen ぎみ gelesen.|暗い道は気味が悪かったです。|Kurai michi wa kimi ga warukatta desu.|Der dunkle Weg war unheimlich.|誰もいない家から音がして、気味が悪くなりました。|Dare mo inai ie kara oto ga shite, kimi ga waruku narimashita.|Aus dem leeren Haus kam ein Geräusch, und mir wurde unheimlich.
N3|知らせ|しらせ|Nachricht; Mitteilung|Nomen|Kommunikation|Nomen zu 知らせる.|友達からうれしい知らせが届きました。|Tomodachi kara ureshii shirase ga todokimashita.|Von einem Freund kam eine erfreuliche Nachricht.|詳しい知らせを待っています。|Kuwashii shirase o matte imasu.|Ich warte auf eine genauere Mitteilung.
N3|願い|ねがい|Wunsch; Bitte|Nomen|Gefühle|願いがかなう: ein Wunsch geht in Erfüllung.|長年の願いがかないました。|Naganen no negai ga kanaimashita.|Mein langjähriger Wunsch ist in Erfüllung gegangen.|皆の願いは家族の健康です。|Mina no negai wa kazoku no kenkou desu.|Alle wünschen sich Gesundheit für ihre Familie.
N3|適度|てきど|angemessen; maßvoll|Adjektiv|Bewertung|適度に: in einem passenden Maß.|健康のために適度な運動を続けます。|Kenkou no tame ni tekido na undou o tsuzukemasu.|Für meine Gesundheit bewege ich mich regelmäßig in Maßen.|休みを適度に取ってください。|Yasumi o tekido ni totte kudasai.|Machen Sie bitte angemessene Pausen.
N3|手間|てま|Zeit und Mühe; Aufwand|Nomen|Arbeit|手間がかかる: aufwendig sein.|この料理は手間がかかります。|Kono ryouri wa tema ga kakarimasu.|Dieses Gericht ist aufwendig zuzubereiten.|道具を使えば手間が省けます。|Dougu o tsukaeba tema ga habukemasu.|Mit Werkzeug kann man sich Arbeit sparen.
N3|流れ|ながれ|Strömung; Verlauf; Ablauf|Nomen|Abstrakt|Für Wasser und den Ablauf von Arbeit oder Ereignissen.|この川は流れが速いです。|Kono kawa wa nagare ga hayai desu.|Dieser Fluss hat eine schnelle Strömung.|仕事の流れを説明します。|Shigoto no nagare o setsumei shimasu.|Ich erkläre den Arbeitsablauf.
N3|幅|はば|Breite; Umfang; Spielraum|Nomen|Abstrakt|Für Maße und übertragene Bandbreite.|この道の幅は三メートルです。|Kono michi no haba wa san meetoru desu.|Dieser Weg ist drei Meter breit.|読書を通して知識の幅を広げたいです。|Dokusho o tooshite chishiki no haba o hirogetai desu.|Durch Lesen möchte ich mein Wissen erweitern.
N3|水準|すいじゅん|Niveau; Standard|Nomen|Bewertung|Oft 生活水準 oder 高い水準.|この地域の生活水準は高いです。|Kono chiiki no seikatsu suijun wa takai desu.|Der Lebensstandard in dieser Region ist hoch.|製品の品質を一定の水準に保ちます。|Seihin no hinshitsu o ittei no suijun ni tamochimasu.|Wir halten die Produktqualität auf einem gleichbleibenden Niveau.
N3|前者|ぜんしゃ|erstere; die zuerst genannte Sache|Nomen|Vergleich|Gegensatz 後者; bezieht sich auf zwei zuvor genannte Alternativen.|電車とバスなら、前者を選びます。|Densha to basu nara, zensha o erabimasu.|Bei Zug oder Bus würde ich Ersteres wählen.|二つの案のうち、前者の方が安く済みます。|Futatsu no an no uchi, zensha no hou ga yasuku sumimasu.|Von den beiden Vorschlägen kostet der erstere weniger.
N3|話し合う|はなしあう|besprechen; miteinander diskutieren|Verb|Kommunikation|Mit と für Gesprächspartner, を für das Thema.|家族と将来について話し合いました。|Kazoku to shourai ni tsuite hanashiaimashita.|Ich habe mit meiner Familie über die Zukunft gesprochen.|問題を皆で話し合いましょう。|Mondai o mina de hanashiaimashou.|Besprechen wir das Problem gemeinsam.|godan
N3|済ませる|すませる|erledigen; abschließen|Verb|Handlung|Transitiv; 済む bedeutet erledigt sein.|出かける前に宿題を済ませました。|Dekakeru mae ni shukudai o sumasemashita.|Vor dem Ausgehen habe ich die Hausaufgaben erledigt.|昼食は簡単に済ませました。|Chuushoku wa kantan ni sumasemashita.|Ich habe nur kurz etwas Einfaches zu Mittag gegessen.|ichidan
N3|取り上げる|とりあげる|aufgreifen; behandeln; wegnehmen|Verb|Handlung|Ein Thema behandeln oder jemandem etwas abnehmen; Kontext beachten.|授業で環境問題を取り上げました。|Jugyou de kankyou mondai o toriagemashita.|Im Unterricht haben wir Umweltprobleme behandelt.|危ないので、子供からはさみを取り上げました。|Abunai node, kodomo kara hasami o toriagemashita.|Weil es gefährlich war, habe ich dem Kind die Schere weggenommen.|ichidan
N3|微笑む|ほほえむ|lächeln|Verb|Gefühle|Ein ruhiges Lächeln, nicht unbedingt hörbares Lachen.|母は何も言わずに微笑みました。|Haha wa nani mo iwazu ni hohoemimashita.|Meine Mutter lächelte, ohne etwas zu sagen.|写真の中で二人が微笑んでいます。|Shashin no naka de futari ga hohoende imasu.|Auf dem Foto lächeln die beiden.|godan
N3|一度に|いちどに|auf einmal; gleichzeitig|Adverb|Zeit|Viele Dinge in einem einzigen Vorgang.|一度に全部覚える必要はありません。|Ichido ni zenbu oboeru hitsuyou wa arimasen.|Man muss nicht alles auf einmal lernen.|注文した料理が一度に運ばれてきました。|Chuumon shita ryouri ga ichido ni hakobarete kimashita.|Alle bestellten Gerichte wurden gleichzeitig gebracht.
N3|共に|ともに|gemeinsam; zusammen mit|Adverb|Beziehungen|Formeller als 一緒に; auch AとBは共に.|友人と共に会社を作りました。|Yuujin to tomo ni kaisha o tsukurimashita.|Ich habe gemeinsam mit einem Freund eine Firma gegründet.|二つの方法は共に役立ちます。|Futatsu no houhou wa tomo ni yakudachimasu.|Beide Methoden sind hilfreich.
N3|たっぷり|たっぷり|reichlich; großzügig bemessen|Adverb|Art und Weise|Für Zeit, Flüssigkeit oder eine ausreichende Menge.|野菜をたっぷり食べてください。|Yasai o tappuri tabete kudasai.|Essen Sie bitte reichlich Gemüse.|出発まで時間がたっぷりあります。|Shuppatsu made jikan ga tappuri arimasu.|Bis zur Abfahrt ist noch viel Zeit.
N3|何か|なにか|etwas; irgendetwas|Ausdruck|Abstrakt|Fragt offen nach einer nicht näher bestimmten Sache.|何か飲みますか。|Nanika nomimasu ka.|Möchten Sie etwas trinken?|何か問題があれば教えてください。|Nanika mondai ga areba oshiete kudasai.|Sagen Sie bitte Bescheid, falls es ein Problem gibt.
N3|何でも|なんでも|alles; was auch immer|Ausdruck|Abstrakt|Je nach Kontext jede beliebige Sache oder eine allgemeine Aussage.|分からないことは何でも聞いてください。|Wakaranai koto wa nandemo kiite kudasai.|Fragen Sie alles, was Sie nicht verstehen.|弟は何でも食べます。|Otouto wa nandemo tabemasu.|Mein jüngerer Bruder isst alles.
N3|分|ぶん|Anteil; Menge; Teil|Nomen|Abstrakt|Nicht 分（ふん、Minute）; etwa 自分の分.|自分の分は自分で払います。|Jibun no bun wa jibun de haraimasu.|Ich zahle meinen Anteil selbst.|明日の分も作っておきました。|Ashita no bun mo tsukutte okimashita.|Ich habe auch schon eine Portion für morgen gemacht.
N3|図|ず|Abbildung; Zeichnung; Diagramm|Nomen|Bildung|Sachlicher Begriff für eine erklärende Darstellung.|次の図を見てください。|Tsugi no zu o mite kudasai.|Sehen Sie sich bitte die folgende Abbildung an.|図を使って説明すると分かりやすいです。|Zu o tsukatte setsumei suru to wakariyasui desu.|Mit einer Abbildung lässt es sich verständlich erklären.
N3|文|ぶん|Satz; Text|Nomen|Sprache|Ein sprachlicher Satz; 文章 ist ein zusammenhängender Text.|短い文を三つ作ってください。|Mijikai bun o mittsu tsukutte kudasai.|Bilden Sie bitte drei kurze Sätze.|この文の意味が分かりません。|Kono bun no imi ga wakarimasen.|Ich verstehe die Bedeutung dieses Satzes nicht.
N3|印|しるし|Zeichen; Markierung|Nomen|Abstrakt|Konkrete Kennzeichnung; 印 als Siegel wird auch いん gelesen.|正しい答えに印を付けてください。|Tadashii kotae ni shirushi o tsukete kudasai.|Markieren Sie bitte die richtige Antwort.|赤い印が入口の場所を示しています。|Akai shirushi ga iriguchi no basho o shimeshite imasu.|Die rote Markierung zeigt, wo der Eingang ist.
N3|生|なま|roh; frisch; unbearbeitet|Nomen|Essen|Vor einem Nomen häufig 生の; andere Lesungen von 生 haben andere Bedeutungen.|この魚は生で食べられます。|Kono sakana wa nama de taberaremasu.|Diesen Fisch kann man roh essen.|生の野菜をよく洗ってください。|Nama no yasai o yoku aratte kudasai.|Waschen Sie rohes Gemüse bitte gründlich.
N3|跡|あと|Spur; Überrest|Nomen|Abstrakt|Nicht 後（danach）; etwas Sichtbares, das zurückbleibt.|雪の上に足の跡があります。|Yuki no ue ni ashi no ato ga arimasu.|Im Schnee sind Fußspuren.|机にコップの跡が残りました。|Tsukue ni koppu no ato ga nokorimashita.|Auf dem Tisch blieb ein Glasrand zurück.
N3|穴|あな|Loch; Öffnung|Nomen|Alltag|Auch übertragen eine Lücke.|靴下に穴が開いています。|Kutsushita ni ana ga aite imasu.|Die Socke hat ein Loch.|木を植えるために穴を掘りました。|Ki o ueru tame ni ana o horimashita.|Ich habe ein Loch gegraben, um einen Baum zu pflanzen.
N3|波|なみ|Welle|Nomen|Natur|Für Wasserwellen und übertragene Schwankungen.|今日は波が高いです。|Kyou wa nami ga takai desu.|Heute sind die Wellen hoch.|波の音を聞きながら眠りました。|Nami no oto o kikinagara nemurimashita.|Ich bin beim Rauschen der Wellen eingeschlafen.
N3|肌|はだ|Haut|Nomen|Körper|Vor allem die Hautoberfläche, oft bei Pflege oder Empfindungen.|冬は肌が乾燥しやすいです。|Fuyu wa hada ga kansou shiyasui desu.|Im Winter trocknet die Haut leicht aus.|この服は肌に優しいです。|Kono fuku wa hada ni yasashii desu.|Diese Kleidung ist hautfreundlich.
N3|布|ぬの|Stoff; Tuch|Nomen|Alltag|Textiles Material.|柔らかい布で画面を拭いてください。|Yawarakai nuno de gamen o fuite kudasai.|Wischen Sie den Bildschirm mit einem weichen Tuch ab.|この布でかばんを作りました。|Kono nuno de kaban o tsukurimashita.|Ich habe aus diesem Stoff eine Tasche gemacht.
N3|瓶|びん|Flasche; Glasbehälter|Nomen|Alltag|Auch für verschließbare Gläser, etwa Marmeladengläser.|空の瓶を集めています。|Kara no bin o atsumete imasu.|Ich sammle leere Flaschen.|ジャムを瓶に入れて保存します。|Jamu o bin ni irete hozon shimasu.|Ich fülle die Marmelade zur Aufbewahrung in ein Glas.
N3|土|つち|Erde; Boden|Nomen|Natur|Bodenmaterial; 土 als Wochentagskürzel wird ど gelesen.|雨で土が柔らかくなりました。|Ame de tsuchi ga yawarakaku narimashita.|Durch den Regen ist die Erde weich geworden.|鉢に土を入れて花を植えます。|Hachi ni tsuchi o irete hana o uemasu.|Ich fülle Erde in einen Topf und pflanze eine Blume.
N3|岩|いわ|Fels; großer Stein|Nomen|Natur|Größer als ein gewöhnlicher 石.|海の近くに大きな岩があります。|Umi no chikaku ni ookina iwa ga arimasu.|In der Nähe des Meeres liegt ein großer Fels.|岩に座って休みました。|Iwa ni suwatte yasumimashita.|Ich habe mich auf einen Felsen gesetzt und ausgeruht.
N3|牛|うし|Kuh; Rind|Nomen|Natur|Tierbezeichnung; Rindfleisch heißt 牛肉.|牧場で牛を見ました。|Bokujou de ushi o mimashita.|Ich habe auf dem Bauernhof Kühe gesehen.|牛が草を食べています。|Ushi ga kusa o tabete imasu.|Die Kuh frisst Gras.
N3|馬|うま|Pferd|Nomen|Natur|Reiten: 馬に乗る.|子供の時、馬に乗ったことがあります。|Kodomo no toki, uma ni notta koto ga arimasu.|Als Kind bin ich einmal geritten.|馬が広い草原を走っています。|Uma ga hiroi sougen o hashitte imasu.|Ein Pferd läuft über die weite Wiese.
N3|兎|うさぎ|Kaninchen; Hase|Nomen|Natur|Auch うさぎ oder ウサギ geschrieben.|白い兎を飼っています。|Shiroi usagi o katte imasu.|Ich halte ein weißes Kaninchen.|兎が耳を動かしました。|Usagi ga mimi o ugokashimashita.|Das Kaninchen hat die Ohren bewegt.
N3|嵐|あらし|Sturm; Unwetter|Nomen|Wetter|Ein starkes Unwetter; auch übertragen.|嵐が来る前に家に戻りました。|Arashi ga kuru mae ni ie ni modorimashita.|Ich bin vor dem Sturm nach Hause zurückgekehrt.|嵐で多くの木が倒れました。|Arashi de ooku no ki ga taoremashita.|Im Sturm sind viele Bäume umgestürzt.
N3|泡|あわ|Schaum; Blase|Nomen|Alltag|Für Luftblasen in Flüssigkeit und Schaum.|石鹸の泡で手を洗います。|Sekken no awa de te o araimasu.|Ich wasche die Hände mit Seifenschaum.|水の中から泡が上がってきました。|Mizu no naka kara awa ga agatte kimashita.|Aus dem Wasser stiegen Blasen auf.
N3|粉|こな|Pulver; Mehl|Nomen|Essen|Für pulverförmige Stoffe; Mehl genauer 小麦粉.|粉を少しずつ水に混ぜます。|Kona o sukoshizutsu mizu ni mazemasu.|Ich mische das Pulver nach und nach ins Wasser.|机の上に白い粉が落ちています。|Tsukue no ue ni shiroi kona ga ochite imasu.|Auf dem Tisch liegt weißes Pulver.
N3|呼吸|こきゅう|Atmung; Atemzug|Nomen|Gesundheit|Mit する; 呼吸を整える heißt den Atem beruhigen.|ゆっくり呼吸してください。|Yukkuri kokyuu shite kudasai.|Atmen Sie bitte langsam.|走った後で呼吸を整えました。|Hashitta ato de kokyuu o totonoemashita.|Nach dem Laufen habe ich meinen Atem beruhigt.
N3|苦痛|くつう|Schmerz; Qual|Nomen|Gefühle|Körperliches oder seelisches Leiden.|長く待つことは彼にとって苦痛でした。|Nagaku matsu koto wa kare ni totte kutsuu deshita.|Das lange Warten war für ihn eine Qual.|痛み止めで苦痛が和らぎました。|Itamidome de kutsuu ga yawaragimashita.|Durch das Schmerzmittel ließen die Schmerzen nach.
N2|一定|いってい|fest; gleichbleibend; bestimmt|Nomen|Abstrakt|一定の vor einem Nomen.|一定の条件を満たす必要があります。|Ittei no jouken o mitasu hitsuyou ga arimasu.|Bestimmte Bedingungen müssen erfüllt werden.|温度を一定に保ってください。|Ondo o ittei ni tamotte kudasai.|Halten Sie die Temperatur bitte konstant.
N2|安易|あんい|leichtfertig; zu einfach|Adjektiv|Bewertung|Oft kritisch für eine unüberlegte Entscheidung.|安易な判断は避けるべきです。|An'i na handan wa sakeru beki desu.|Leichtfertige Entscheidungen sollte man vermeiden.|安易に約束して後悔しました。|An'i ni yakusoku shite koukai shimashita.|Ich bereute mein vorschnelles Versprechen.
N2|幾分|いくぶん|etwas; ein wenig|Adverb|Art und Weise|Etwas formeller als 少し.|朝より幾分暖かくなりました。|Asa yori ikubun atatakaku narimashita.|Es ist etwas wärmer geworden als am Morgen.|説明を聞いて幾分安心しました。|Setsumei o kiite ikubun anshin shimashita.|Die Erklärung hat mich etwas beruhigt.
N2|言い出す|いいだす|ansprechen; zu sagen beginnen; vorschlagen|Verb|Kommunikation|Ein neues Thema oder einen Vorschlag ins Gespräch bringen.|誰が最初にその案を言い出したのですか。|Dare ga saisho ni sono an o iidashita no desu ka.|Wer hat diesen Vorschlag zuerst gemacht?|本当のことをなかなか言い出せませんでした。|Hontou no koto o nakanaka iidasemasen deshita.|Ich konnte mich lange nicht dazu bringen, die Wahrheit anzusprechen.|godan
N2|受け持つ|うけもつ|zuständig sein; übernehmen|Verb|Arbeit|Eine Aufgabe, Klasse oder Verantwortung übernehmen.|今年は三年生の授業を受け持っています。|Kotoshi wa sannensei no jugyou o ukemotte imasu.|Dieses Jahr unterrichte ich die dritte Klasse.|私は受付を受け持つことになりました。|Watashi wa uketsuke o ukemotsu koto ni narimashita.|Ich werde den Empfang übernehmen.|godan
N2|売り切れる|うりきれる|ausverkauft sein|Verb|Handel|Intransitiv; 商品が売り切れる.|人気のパンは午前中に売り切れました。|Ninki no pan wa gozenchuu ni urikiremashita.|Das beliebte Brot war schon am Vormittag ausverkauft.|切符が売り切れる前に予約しましょう。|Kippu ga urikireru mae ni yoyaku shimashou.|Reservieren wir, bevor die Karten ausverkauft sind.|ichidan
N2|屋外|おくがい|im Freien; draußen|Nomen|Ort|Gegensatz 屋内.|天気がよければ屋外で食事をします。|Tenki ga yokereba okugai de shokuji o shimasu.|Bei gutem Wetter essen wir im Freien.|この機械は屋外では使えません。|Kono kikai wa okugai de wa tsukaemasen.|Dieses Gerät kann nicht im Freien verwendet werden.
N2|回数|かいすう|Anzahl der Male; Häufigkeit|Nomen|Zahlen|Nicht die Dauer, sondern wie oft etwas geschieht.|練習の回数を増やしました。|Renshuu no kaisuu o fuyashimashita.|Ich habe die Zahl der Übungseinheiten erhöht.|利用できる回数には制限があります。|Riyou dekiru kaisuu ni wa seigen ga arimasu.|Die Anzahl der Nutzungen ist begrenzt.
N2|外部|がいぶ|Außenseite; außerhalb einer Organisation|Nomen|Organisation|Gegensatz 内部.|外部の専門家に相談しました。|Gaibu no senmonka ni soudan shimashita.|Wir haben externe Fachleute um Rat gefragt.|この情報を外部に伝えないでください。|Kono jouhou o gaibu ni tsutaenaide kudasai.|Geben Sie diese Information bitte nicht nach außen weiter.
N2|架空|かくう|fiktiv; erfunden|Adjektiv|Abstrakt|架空の vor einem Nomen.|物語の舞台は架空の町です。|Monogatari no butai wa kakuu no machi desu.|Die Geschichte spielt in einer erfundenen Stadt.|架空の数字を報告してはいけません。|Kakuu no suuji o houkoku shite wa ikemasen.|Man darf keine erfundenen Zahlen melden.
N2|貸し出し|かしだし|Ausleihe; Verleih|Nomen|Handel|Nomen zu 貸し出す.|図書館の貸し出し期間は二週間です。|Toshokan no kashidashi kikan wa nishuukan desu.|Die Ausleihfrist der Bibliothek beträgt zwei Wochen.|自転車の貸し出しは受付で行っています。|Jitensha no kashidashi wa uketsuke de okonatte imasu.|Fahrräder werden am Empfang verliehen.
N2|加速|かそく|Beschleunigung|Nomen|Verkehr|Mit する; auch für Veränderungen.|電車はゆっくり加速しました。|Densha wa yukkuri kasoku shimashita.|Der Zug beschleunigte langsam.|技術の進歩が加速しています。|Gijutsu no shinpo ga kasoku shite imasu.|Der technische Fortschritt beschleunigt sich.
N2|記号|きごう|Symbol; Zeichen|Nomen|Sprache|Für vereinbarte Zeichen in Karten, Texten oder Mathematik.|この記号は何を表しますか。|Kono kigou wa nani o arawashimasu ka.|Was bedeutet dieses Symbol?|地図の記号を確認しました。|Chizu no kigou o kakunin shimashita.|Ich habe die Kartenzeichen überprüft.
N2|休業|きゅうぎょう|Geschäftsschließung; Betriebsruhe|Nomen|Arbeit|Zeitweises Ruhen eines Betriebs.|明日は修理のため休業します。|Ashita wa shuuri no tame kyuugyou shimasu.|Morgen bleibt der Betrieb wegen Reparaturen geschlossen.|休業中は電話でお問い合わせください。|Kyuugyouchuu wa denwa de otoiawase kudasai.|Wenden Sie sich während der Schließung telefonisch an uns.
N2|休養|きゅうよう|Erholung; Ruhe|Nomen|Gesundheit|休養を取る: sich erholen.|週末は十分な休養を取りました。|Shuumatsu wa juubun na kyuuyou o torimashita.|Am Wochenende habe ich mich ausreichend erholt.|疲れがひどいので休養が必要です。|Tsukare ga hidoi node kyuuyou ga hitsuyou desu.|Wegen der starken Erschöpfung brauche ich Ruhe.
N2|恐縮|きょうしゅく|Verlegenheit; verbunden sein; es tut mir leid|Nomen|Kommunikation|Höflich: 恐縮ですが vor einer Bitte.|恐縮ですが、もう一度ご説明ください。|Kyoushuku desu ga, mou ichido gosetsumei kudasai.|Entschuldigen Sie die Mühe, aber erklären Sie es bitte noch einmal.|丁寧に迎えていただき、恐縮しています。|Teinei ni mukaete itadaki, kyoushuku shite imasu.|Für den freundlichen Empfang bin ich Ihnen sehr verbunden.
N2|苦情|くじょう|Beschwerde; Reklamation|Nomen|Kommunikation|苦情を言う oder 苦情を受ける.|騒音について苦情が寄せられました。|Souon ni tsuite kujou ga yoseraremashita.|Es gingen Beschwerden über Lärm ein.|客の苦情に丁寧に対応しました。|Kyaku no kujou ni teinei ni taiou shimashita.|Ich habe höflich auf die Beschwerde des Kunden reagiert.
N2|形式|けいしき|Form; Format; formale Gestaltung|Nomen|Abstrakt|Etwa 書類の形式 oder 形式だけ.|指定された形式で書いてください。|Shitei sareta keishiki de kaite kudasai.|Schreiben Sie bitte im vorgegebenen Format.|形式だけでなく内容も大切です。|Keishiki dake de naku naiyou mo taisetsu desu.|Neben der Form ist auch der Inhalt wichtig.
N2|警備|けいび|Bewachung; Sicherheitsdienst|Nomen|Arbeit|Mit する; Schutz von Orten oder Veranstaltungen.|会場の警備を強化しました。|Kaijou no keibi o kyouka shimashita.|Wir haben die Sicherheitsmaßnahmen am Veranstaltungsort verstärkt.|入口は警備員が確認しています。|Iriguchi wa keibiin ga kakunin shite imasu.|Am Eingang kontrolliert ein Sicherheitsmitarbeiter.
N2|見学|けんがく|Besichtigung zu Lernzwecken|Nomen|Bildung|Mit する; etwas durch Beobachten kennenlernen.|学校の授業で工場を見学しました。|Gakkou no jugyou de koujou o kengaku shimashita.|Im Rahmen des Unterrichts haben wir eine Fabrik besichtigt.|見学を希望する方は予約してください。|Kengaku o kibou suru kata wa yoyaku shite kudasai.|Wer eine Besichtigung wünscht, möge bitte reservieren.
N2|厳重|げんじゅう|streng; sorgfältig gesichert|Adjektiv|Eigenschaften|Für Kontrollen, Schutz oder Verwahrung.|個人情報は厳重に管理しています。|Kojin jouhou wa genjuu ni kanri shite imasu.|Wir schützen personenbezogene Daten sorgfältig.|事故の後、厳重な点検が行われました。|Jiko no ato, genjuu na tenken ga okonawaremashita.|Nach dem Unfall wurde eine gründliche Kontrolle durchgeführt.
N2|原料|げんりょう|Rohstoff; Ausgangsmaterial|Nomen|Industrie|Material vor der Verarbeitung.|この紙の原料は木です。|Kono kami no genryou wa ki desu.|Der Rohstoff dieses Papiers ist Holz.|原料の価格が上がっています。|Genryou no kakaku ga agatte imasu.|Die Rohstoffpreise steigen.
N2|交通機関|こうつうきかん|Verkehrsmittel; Verkehrsbetriebe|Nomen|Verkehr|公共交通機関: öffentliche Verkehrsmittel.|公共交通機関を利用してください。|Koukyou koutsuu kikan o riyou shite kudasai.|Benutzen Sie bitte öffentliche Verkehrsmittel.|雪で交通機関が乱れています。|Yuki de koutsuu kikan ga midarete imasu.|Wegen des Schnees ist der Verkehr gestört.
N2|公表|こうひょう|öffentliche Bekanntgabe|Nomen|Kommunikation|Mit する; Informationen öffentlich machen.|調査の結果が公表されました。|Chousa no kekka ga kouhyou saremashita.|Die Ergebnisse der Untersuchung wurden veröffentlicht.|会社は来月、新しい計画を公表します。|Kaisha wa raigetsu, atarashii keikaku o kouhyou shimasu.|Die Firma gibt nächsten Monat ihren neuen Plan bekannt.
N2|心当たり|こころあたり|Anhaltspunkt; Vermutung|Nomen|Abstrakt|心当たりがある: eine Idee haben, worum es sich handelt.|鍵をなくした場所に心当たりはありますか。|Kagi o nakushita basho ni kokoroatari wa arimasu ka.|Haben Sie eine Vermutung, wo Sie den Schlüssel verloren haben?|その名前には心当たりがありません。|Sono namae ni wa kokoroatari ga arimasen.|Mit diesem Namen kann ich nichts anfangen.
N2|作成|さくせい|Erstellung; Ausarbeitung|Nomen|Arbeit|Vor allem für Dokumente und Pläne; 作製 für die Herstellung konkreter Gegenstände.|会議の資料を作成しました。|Kaigi no shiryou o sakusei shimashita.|Ich habe die Unterlagen für die Besprechung erstellt.|申請書の作成には時間がかかります。|Shinseisho no sakusei ni wa jikan ga kakarimasu.|Das Erstellen des Antrags dauert eine Weile.
N2|差し支え|さしつかえ|Hindernis; Einwand|Nomen|Kommunikation|差し支えなければ: wenn nichts dagegen spricht.|差し支えなければ、お名前を教えてください。|Sashitsukae nakereba, onamae o oshiete kudasai.|Wenn es Ihnen recht ist, nennen Sie mir bitte Ihren Namen.|明日は休んでも差し支えありません。|Ashita wa yasunde mo sashitsukae arimasen.|Es spricht nichts dagegen, dass Sie morgen frei nehmen.
N2|持参|じさん|Mitbringen|Nomen|Handlung|Mit する; sachliche Aufforderung, etwas mitzubringen.|当日は筆記用具を持参してください。|Toujitsu wa hikki yougu o jisan shite kudasai.|Bringen Sie an dem Tag Schreibzeug mit.|昼食は各自で持参します。|Chuushoku wa kakuji de jisan shimasu.|Jeder bringt sein Mittagessen selbst mit.
N2|実例|じつれい|konkretes Beispiel; tatsächlicher Fall|Nomen|Bildung|Ein Beispiel aus der Wirklichkeit.|実例を挙げて説明してください。|Jitsurei o agete setsumei shite kudasai.|Erklären Sie es bitte anhand eines konkreten Beispiels.|この本には役立つ実例が多く載っています。|Kono hon ni wa yakudatsu jitsurei ga ooku notte imasu.|Dieses Buch enthält viele hilfreiche Praxisbeispiele.
N2|重点|じゅうてん|Schwerpunkt|Nomen|Arbeit|～に重点を置く: den Schwerpunkt auf etwas legen.|今回は安全に重点を置きます。|Konkai wa anzen ni juuten o okimasu.|Dieses Mal legen wir den Schwerpunkt auf Sicherheit.|重点を決めて学習すると効果的です。|Juuten o kimete gakushuu suru to koukateki desu.|Lernen mit festgelegten Schwerpunkten ist wirksam.
N2|周辺|しゅうへん|Umgebung; Umfeld|Nomen|Ort|Räumlicher Bereich um einen Ort herum.|駅周辺には飲食店が多いです。|Eki shuuhen ni wa inshokuten ga ooi desu.|In der Umgebung des Bahnhofs gibt es viele Restaurants.|工事のため周辺の道路が混んでいます。|Kouji no tame shuuhen no douro ga konde imasu.|Wegen der Bauarbeiten sind die umliegenden Straßen verstopft.
N2|出勤|しゅっきん|zur Arbeit kommen; Dienstantritt|Nomen|Arbeit|Mit する; Gegensatz 退勤.|毎朝八時に出勤します。|Maiasa hachiji ni shukkin shimasu.|Ich komme jeden Morgen um acht zur Arbeit.|明日は出勤する必要がありません。|Ashita wa shukkin suru hitsuyou ga arimasen.|Morgen muss ich nicht zur Arbeit kommen.
N2|正面|しょうめん|Vorderseite; direkt gegenüber|Nomen|Ort|正面から auch direkt oder offen an etwas herangehen.|正面の入口から入ってください。|Shoumen no iriguchi kara haitte kudasai.|Benutzen Sie bitte den Haupteingang an der Vorderseite.|問題に正面から向き合いました。|Mondai ni shoumen kara mukiaimashita.|Ich habe mich dem Problem offen gestellt.
N2|書籍|しょせき|Buch; Bücher|Nomen|Bildung|Sachliches Wort, oft im Buchhandel.|専門書籍を扱う店に行きました。|Senmon shoseki o atsukau mise ni ikimashita.|Ich bin in ein Geschäft für Fachbücher gegangen.|電子書籍ならすぐに読めます。|Denshi shoseki nara sugu ni yomemasu.|Ein E-Book kann man sofort lesen.
N2|生年月日|せいねんがっぴ|Geburtsdatum|Nomen|Verwaltung|Jahr, Monat und Tag der Geburt.|生年月日を記入してください。|Seinengappi o kinyuu shite kudasai.|Tragen Sie bitte Ihr Geburtsdatum ein.|本人確認のため生年月日を伺います。|Honnin kakunin no tame seinengappi o ukagaimasu.|Zur Identitätsprüfung frage ich nach Ihrem Geburtsdatum.
N2|成分|せいぶん|Bestandteil; Inhaltsstoff|Nomen|Wissenschaft|Für Nahrungsmittel, Kosmetik und andere Stoffe.|買う前に成分を確認しました。|Kau mae ni seibun o kakunin shimashita.|Vor dem Kauf habe ich die Inhaltsstoffe geprüft.|この薬には眠くなる成分が含まれています。|Kono kusuri ni wa nemuku naru seibun ga fukumarete imasu.|Dieses Arzneimittel enthält einen müde machenden Wirkstoff.
N2|成立|せいりつ|Zustandekommen; Gültigkeit|Nomen|Abstrakt|Mit する; etwa eine Vereinbarung kommt zustande.|話し合いの結果、契約が成立しました。|Hanashiai no kekka, keiyaku ga seiritsu shimashita.|Nach den Gesprächen kam der Vertrag zustande.|この条件では取引は成立しません。|Kono jouken de wa torihiki wa seiritsu shimasen.|Unter diesen Bedingungen kommt das Geschäft nicht zustande.
N2|全般|ぜんぱん|Gesamtheit; allgemein|Nomen|Abstrakt|～全般にわたって: im gesamten Bereich.|仕事全般について説明を受けました。|Shigoto zenpan ni tsuite setsumei o ukemashita.|Ich erhielt eine Einführung in sämtliche Arbeitsbereiche.|日本文化全般に興味があります。|Nihon bunka zenpan ni kyoumi ga arimasu.|Ich interessiere mich für die japanische Kultur im Allgemeinen.
N2|送料|そうりょう|Versandkosten; Porto|Nomen|Handel|Nicht der Warenpreis, sondern die Kosten der Zustellung.|送料は商品代金に含まれています。|Souryou wa shouhin daikin ni fukumarete imasu.|Die Versandkosten sind im Warenpreis enthalten.|海外への送料を教えてください。|Kaigai e no souryou o oshiete kudasai.|Nennen Sie mir bitte die Versandkosten ins Ausland.
N2|体制|たいせい|System; organisatorische Struktur|Nomen|Organisation|Nicht 態勢（Bereitschaft, Haltung）.|安全に働ける体制を整えました。|Anzen ni hatarakeru taisei o totonoemashita.|Wir haben Strukturen für sicheres Arbeiten geschaffen.|新しい体制で事業を始めます。|Atarashii taisei de jigyou o hajimemasu.|Wir beginnen das Geschäft mit einer neuen Organisationsstruktur.
N2|調節|ちょうせつ|Regulierung; Einstellung|Nomen|Handlung|Mit する; eine Größe passend einstellen.|部屋の温度を調節してください。|Heya no ondo o chousetsu shite kudasai.|Regeln Sie bitte die Raumtemperatur.|椅子の高さを調節しました。|Isu no takasa o chousetsu shimashita.|Ich habe die Höhe des Stuhls eingestellt.
N2|追加|ついか|Ergänzung; Hinzufügung|Nomen|Handlung|Mit する; etwas nachträglich ergänzen.|注文を一つ追加したいです。|Chuumon o hitotsu tsuika shitai desu.|Ich möchte noch etwas bestellen.|説明に具体的な例を追加しました。|Setsumei ni gutaiteki na rei o tsuika shimashita.|Ich habe die Erklärung um konkrete Beispiele ergänzt.
N2|通路|つうろ|Gang; Durchgang|Nomen|Ort|Freizuhaltender Weg in einem Gebäude oder Fahrzeug.|通路に荷物を置かないでください。|Tsuuro ni nimotsu o okanaide kudasai.|Stellen Sie bitte kein Gepäck in den Gang.|通路側の席を予約しました。|Tsuurogawa no seki o yoyaku shimashita.|Ich habe einen Gangplatz reserviert.
N2|定員|ていいん|maximale Personenzahl; Kapazität|Nomen|Verwaltung|Festgelegte Anzahl von Plätzen.|この部屋の定員は十人です。|Kono heya no teiin wa juunin desu.|Dieses Zimmer ist für höchstens zehn Personen vorgesehen.|定員に達したので募集を終了しました。|Teiin ni tasshita node boshuu o shuuryou shimashita.|Die Anmeldung wurde geschlossen, weil alle Plätze belegt sind.
N2|定休日|ていきゅうび|regelmäßiger Ruhetag|Nomen|Handel|Wiederkehrender Schließtag eines Geschäfts.|この店の定休日は水曜日です。|Kono mise no teikyuubi wa suiyoubi desu.|Dieses Geschäft hat mittwochs Ruhetag.|定休日を確認してから出かけましょう。|Teikyuubi o kakunin shite kara dekakemashou.|Prüfen wir vor dem Aufbruch den Ruhetag.
N2|当日|とうじつ|der betreffende Tag; Veranstaltungstag|Nomen|Zeit|Der Tag, an dem etwas stattfindet.|当日は九時までに集合してください。|Toujitsu wa kuji made ni shuugou shite kudasai.|Seien Sie am Veranstaltungstag bitte bis neun Uhr da.|当日でも切符を買えます。|Toujitsu de mo kippu o kaemasu.|Man kann die Karten auch noch am selben Tag kaufen.
N2|盗難|とうなん|Diebstahl|Nomen|Recht|盗難に遭う: bestohlen werden.|自転車が盗難に遭いました。|Jitensha ga tounan ni aimashita.|Mein Fahrrad wurde gestohlen.|盗難を防ぐために鍵を掛けます。|Tounan o fusegu tame ni kagi o kakemasu.|Ich schließe ab, um Diebstahl zu verhindern.
N2|中身|なかみ|Inhalt; das Innere|Nomen|Abstrakt|Konkreter Inhalt oder die Substanz einer Aussage.|箱の中身を確認しました。|Hako no nakami o kakunin shimashita.|Ich habe den Inhalt der Kiste überprüft.|見た目より中身が大切です。|Mitame yori nakami ga taisetsu desu.|Der Inhalt ist wichtiger als das Aussehen.
N2|日時|にちじ|Datum und Uhrzeit|Nomen|Zeit|Eine vollständige Zeitangabe für einen Termin.|面接の日時を確認してください。|Mensetsu no nichiji o kakunin shite kudasai.|Bestätigen Sie bitte Datum und Uhrzeit des Vorstellungsgesprächs.|詳しい日時は後でお知らせします。|Kuwashii nichiji wa ato de oshirase shimasu.|Den genauen Termin teilen wir später mit.
N2|日用品|にちようひん|Alltagsartikel; Waren des täglichen Bedarfs|Nomen|Alltag|Etwa Seife oder Reinigungsmittel.|近くの店で日用品を買います。|Chikaku no mise de nichiyouhin o kaimasu.|Ich kaufe Alltagsartikel im Laden in der Nähe.|引っ越しの前に必要な日用品をそろえました。|Hikkoshi no mae ni hitsuyou na nichiyouhin o soroemashita.|Vor dem Umzug habe ich die nötigen Alltagsartikel besorgt.
N2|筆者|ひっしゃ|Verfasser; Autor des Textes|Nomen|Sprache|Bezieht sich auf die Person, die den vorliegenden Text geschrieben hat.|筆者の意見をまとめてください。|Hissha no iken o matomete kudasai.|Fassen Sie die Meinung des Verfassers zusammen.|筆者はこの問題を別の角度から見ています。|Hissha wa kono mondai o betsu no kakudo kara mite imasu.|Die Autorin betrachtet das Problem aus einem anderen Blickwinkel.
N2|一通り|ひととおり|einmal vollständig; im Großen und Ganzen|Adverb|Art und Weise|Alles einmal durchgehen, ohne unbedingt ins Detail zu gehen.|資料に一通り目を通しました。|Shiryou ni hitotoori me o tooshimashita.|Ich habe die Unterlagen einmal durchgesehen.|必要な道具は一通りそろっています。|Hitsuyou na dougu wa hitotoori sorotte imasu.|Die erforderlichen Werkzeuge sind im Wesentlichen vorhanden.
N2|文献|ぶんけん|Literatur; schriftliche Quellen|Nomen|Bildung|Vor allem Quellen für Forschung oder Recherche.|関連する文献を図書館で探しました。|Kanren suru bunken o toshokan de sagashimashita.|Ich habe in der Bibliothek nach einschlägiger Literatur gesucht.|報告書の最後に参考文献を載せました。|Houkokusho no saigo ni sankou bunken o nosemashita.|Am Ende des Berichts habe ich die Quellen aufgeführt.
N2|分布|ぶんぷ|Verteilung; Verbreitung|Nomen|Wissenschaft|Mit する; räumliche oder statistische Verteilung.|人口の分布を地図で示しました。|Jinkou no bunpu o chizu de shimeshimashita.|Wir haben die Bevölkerungsverteilung auf einer Karte dargestellt.|この植物は広い地域に分布しています。|Kono shokubutsu wa hiroi chiiki ni bunpu shite imasu.|Diese Pflanze ist in einem weiten Gebiet verbreitet.
N2|方面|ほうめん|Richtung; Gegend; Bereich|Nomen|Ort|Geografisch oder als Tätigkeitsbereich.|京都方面の電車に乗ります。|Kyouto houmen no densha ni norimasu.|Ich nehme einen Zug in Richtung Kyoto.|彼は音楽方面で活躍しています。|Kare wa ongaku houmen de katsuyaku shite imasu.|Er ist im Musikbereich erfolgreich tätig.
N2|未満|みまん|weniger als; unter|Nomen|Zahlen|Schließt den Grenzwert aus; 以下 schließt ihn ein.|十八歳未満の方は入れません。|Juuhassai miman no kata wa hairemasen.|Personen unter achtzehn Jahren dürfen nicht hinein.|参加者は百人未満でした。|Sankasha wa hyakunin miman deshita.|Es waren weniger als hundert Teilnehmende.
N2|民間|みんかん|privat; nichtstaatlich|Nomen|Gesellschaft|Für private Unternehmen oder zivile Einrichtungen.|この施設は民間企業が運営しています。|Kono shisetsu wa minkan kigyou ga un'ei shite imasu.|Diese Einrichtung wird von einer privaten Firma betrieben.|民間の経験を行政に生かします。|Minkan no keiken o gyousei ni ikashimasu.|Wir nutzen Erfahrungen aus der Privatwirtschaft für die Verwaltung.
N2|郵送|ゆうそう|Postversand|Nomen|Kommunikation|Mit する; per Post senden.|書類は郵送でも受け付けます。|Shorui wa yuusou de mo uketsukemasu.|Unterlagen nehmen wir auch per Post entgegen.|申込書を昨日郵送しました。|Moushikomisho o kinou yuusou shimashita.|Ich habe das Anmeldeformular gestern abgeschickt.
N2|予備|よび|Reserve; Ersatz; Vorbereitung|Nomen|Planung|予備の vor einem Nomen.|予備の電池を持って行きます。|Yobi no denchi o motte ikimasu.|Ich nehme Ersatzbatterien mit.|会議の前に予備の資料を用意しました。|Kaigi no mae ni yobi no shiryou o youi shimashita.|Vor der Besprechung habe ich zusätzliche Unterlagen bereitgelegt.
N2|欄|らん|Spalte; Feld; Rubrik|Nomen|Verwaltung|Ein Bereich in Formularen oder Tabellen.|名前の欄に記入してください。|Namae no ran ni kinyuu shite kudasai.|Füllen Sie bitte das Namensfeld aus.|空いている欄はそのままで結構です。|Aite iru ran wa sono mama de kekkou desu.|Leere Felder können Sie so lassen.
N2|きっかけ|きっかけ|Anlass; Auslöser|Nomen|Abstrakt|～をきっかけに: etwas als Ausgangspunkt nehmen.|旅行が日本語を学ぶきっかけになりました。|Ryokou ga nihongo o manabu kikkake ni narimashita.|Eine Reise war der Anlass, Japanisch zu lernen.|小さな出会いをきっかけに生活が変わりました。|Chiisana deai o kikkake ni seikatsu ga kawarimashita.|Eine kleine Begegnung hat mein Leben verändert.
N2|箇所|かしょ|Stelle; Punkt; Ort|Nomen|Abstrakt|Auch Zählwort: 三箇所（さんかしょ）.|分からない箇所に線を引いてください。|Wakaranai kasho ni sen o hiite kudasai.|Unterstreichen Sie die Stellen, die Sie nicht verstehen.|修理が必要な箇所は三つあります。|Shuuri ga hitsuyou na kasho wa mittsu arimasu.|Drei Stellen müssen repariert werden.
N2|何となく|なんとなく|irgendwie; ohne bestimmten Grund|Adverb|Art und Weise|Eine Empfindung ohne klar erklärbaren Grund.|今日は何となく元気が出ません。|Kyou wa nantonaku genki ga demasen.|Heute fühle ich mich irgendwie kraftlos.|何となく選んだ本がとてもおもしろかったです。|Nantonaku eranda hon ga totemo omoshirokatta desu.|Das ohne bestimmten Grund ausgewählte Buch war sehr interessant.
N2|せめて|せめて|wenigstens; zumindest|Adverb|Abstrakt|Eine Mindestforderung oder einen bescheidenen Wunsch ausdrücken.|せめて理由だけでも教えてください。|Semete riyuu dake de mo oshiete kudasai.|Sagen Sie mir wenigstens den Grund.|忙しくてもせめて朝ご飯は食べましょう。|Isogashikute mo semete asagohan wa tabemashou.|Essen wir zumindest Frühstück, auch wenn wir viel zu tun haben.
N2|絶えず|たえず|ständig; unaufhörlich|Adverb|Zeit|Ohne Unterbrechung oder immer wieder.|社会は絶えず変化しています。|Shakai wa taezu henka shite imasu.|Die Gesellschaft verändert sich ständig.|窓の外から絶えず車の音が聞こえます。|Mado no soto kara taezu kuruma no oto ga kikoemasu.|Von draußen hört man unaufhörlich Autos.
N2|取り入れる|とりいれる|aufnehmen; einführen; berücksichtigen|Verb|Handlung|Neue Methoden oder Meinungen übernehmen.|授業に新しい方法を取り入れました。|Jugyou ni atarashii houhou o toriiremashita.|Ich habe neue Methoden in den Unterricht aufgenommen.|客の意見を取り入れて改善しました。|Kyaku no iken o toriirete kaizen shimashita.|Wir haben anhand der Kundenmeinungen Verbesserungen vorgenommen.|ichidan
N2|含める|ふくめる|einschließen; einbeziehen|Verb|Handlung|Transitiv; 含まれる heißt enthalten sein.|税金を含めると千円になります。|Zeikin o fukumeru to sen en ni narimasu.|Mit Steuern sind es tausend Yen.|子供も含めて全員で十人です。|Kodomo mo fukumete zen'in de juunin desu.|Mit den Kindern sind wir insgesamt zehn Personen.|ichidan
N2|整う|ととのう|bereit sein; geordnet sein|Verb|Zustand|Intransitiv; 整える ist transitiv.|出発の準備が整いました。|Shuppatsu no junbi ga totonoimashita.|Die Vorbereitungen zur Abreise sind abgeschlossen.|必要な条件が整えば始められます。|Hitsuyou na jouken ga totonoeba hajimeraremasu.|Wenn die nötigen Bedingungen erfüllt sind, können wir beginnen.|godan
N2|長引く|ながびく|sich hinziehen; länger dauern|Verb|Zeit|Für Ereignisse, Gespräche oder Beschwerden.|会議が長引いて帰りが遅くなりました。|Kaigi ga nagabiite kaeri ga osoku narimashita.|Die Besprechung zog sich hin, deshalb kam ich spät nach Hause.|風邪が長引いています。|Kaze ga nagabiite imasu.|Die Erkältung hält lange an.|godan
N2|高める|たかめる|erhöhen; steigern|Verb|Handlung|Transitiv; 高まる bedeutet zunehmen.|練習で会話力を高めたいです。|Renshuu de kaiwaryoku o takametai desu.|Durch Übung möchte ich meine Gesprächsfähigkeit steigern.|安全への意識を高める活動です。|Anzen e no ishiki o takameru katsudou desu.|Die Aktion stärkt das Sicherheitsbewusstsein.|ichidan
N2|目指す|めざす|anstreben; auf etwas zielen|Verb|Planung|Ein Ziel mit を.|来年の試験合格を目指しています。|Rainen no shiken goukaku o mezashite imasu.|Ich strebe an, nächstes Jahr die Prüfung zu bestehen.|山の頂上を目指して歩きました。|Yama no choujou o mezashite arukimashita.|Ich bin auf den Berggipfel zugewandert.|godan
N2|当てはめる|あてはめる|anwenden; zuordnen; einpassen|Verb|Handlung|Eine Regel auf einen Fall anwenden.|この規則をすべての場合に当てはめることはできません。|Kono kisoku o subete no baai ni atehameru koto wa dekimasen.|Diese Regel lässt sich nicht auf alle Fälle anwenden.|例に当てはめて考えると分かりやすいです。|Rei ni atehamete kangaeru to wakariyasui desu.|An einem Beispiel angewandt ist es leichter zu verstehen.|ichidan
N2|売れ行き|うれゆき|Absatz; Verkaufsentwicklung|Nomen|Handel|Wie gut sich ein Produkt verkauft.|新商品の売れ行きは好調です。|Shinshouhin no ureyuki wa kouchou desu.|Der Absatz des neuen Produkts läuft gut.|天気によって売れ行きが変わります。|Tenki ni yotte ureyuki ga kawarimasu.|Der Absatz verändert sich je nach Wetter.
N2|明け方|あけがた|Morgendämmerung|Nomen|Zeit|Kurz bevor oder während es hell wird.|明け方に目が覚めました。|Akegata ni me ga samemashita.|Ich bin in der Morgendämmerung aufgewacht.|雨は明け方まで続きました。|Ame wa akegata made tsuzukimashita.|Der Regen hielt bis zur Morgendämmerung an.
N2|青白い|あおじろい|blass; bläulich weiß|Adjektiv|Eigenschaften|Für Gesichtsfarbe oder Licht.|彼の顔は青白く見えました。|Kare no kao wa aojiroku miemashita.|Sein Gesicht wirkte blass.|月の青白い光が窓から入りました。|Tsuki no aojiroi hikari ga mado kara hairimashita.|Blasses Mondlicht fiel durchs Fenster.
N2|申し訳ない|もうしわけない|es tut mir leid; unentschuldbar|Adjektiv|Kommunikation|Starke Entschuldigung; höflich 申し訳ありません.|遅れて申し訳ないです。|Okurete moushiwakenai desu.|Es tut mir leid, dass ich zu spät bin.|皆に迷惑をかけて申し訳ないと思っています。|Mina ni meiwaku o kakete moushiwakenai to omotte imasu.|Es tut mir leid, allen Umstände bereitet zu haben.
N1|一連|いちれん|Reihe; zusammenhängende Folge|Nomen|Abstrakt|一連の vor einem Nomen.|一連の問題について調査しています。|Ichiren no mondai ni tsuite chousa shite imasu.|Wir untersuchen eine Reihe zusammenhängender Probleme.|一連の作業を自動化しました。|Ichiren no sagyou o jidouka shimashita.|Wir haben eine ganze Arbeitsabfolge automatisiert.
N1|一律|いちりつ|einheitlich; unterschiedslos|Adverb|Abstrakt|一律に: für alle nach derselben Regel.|参加費は一律千円です。|Sankahi wa ichiritsu sen en desu.|Die Teilnahmegebühr beträgt einheitlich tausend Yen.|すべての学校に一律の基準を適用しました。|Subete no gakkou ni ichiritsu no kijun o tekiyou shimashita.|Für alle Schulen wurde derselbe Maßstab angewandt.
N1|一切|いっさい|alles; überhaupt (nicht)|Adverb|Abstrakt|Mit Verneinung: keinerlei, überhaupt nicht.|追加料金は一切かかりません。|Tsuika ryoukin wa issai kakarimasen.|Es fallen keinerlei Zusatzkosten an.|その件には一切関わっていません。|Sono ken ni wa issai kakawatte imasen.|Ich bin an dieser Angelegenheit überhaupt nicht beteiligt.
N1|一部|いちぶ|ein Teil; ein Exemplar|Nomen|Abstrakt|Je nach Kontext Anteil oder Zahl von Kopien.|計画の一部を変更しました。|Keikaku no ichibu o henkou shimashita.|Wir haben einen Teil des Plans geändert.|資料を一部ください。|Shiryou o ichibu kudasai.|Geben Sie mir bitte ein Exemplar der Unterlagen.
N1|異論|いろん|abweichende Meinung; Einwand|Nomen|Kommunikation|異論を唱える: widersprechen.|この提案に異論はありません。|Kono teian ni iron wa arimasen.|Ich habe keinen Einwand gegen diesen Vorschlag.|会議では異論にも耳を傾けました。|Kaigi de wa iron ni mo mimi o katamukemashita.|In der Besprechung haben wir auch abweichenden Meinungen zugehört.
N1|内訳|うちわけ|Aufschlüsselung; Zusammensetzung|Nomen|Finanzen|Für Kosten, Zahlen oder Bestandteile.|費用の内訳を教えてください。|Hiyou no uchiwake o oshiete kudasai.|Schlüsseln Sie die Kosten bitte auf.|参加者の内訳を表にまとめました。|Sankasha no uchiwake o hyou ni matomemashita.|Wir haben die Zusammensetzung der Teilnehmenden tabellarisch dargestellt.
N1|後回し|あとまわし|Aufschieben; Zurückstellen|Nomen|Planung|後回しにする: später erledigen.|重要な問題を後回しにしてはいけません。|Juuyou na mondai o atomawashi ni shite wa ikemasen.|Wichtige Probleme darf man nicht aufschieben.|片付けは後回しにして、まず食事にしました。|Katazuke wa atomawashi ni shite, mazu shokuji ni shimashita.|Wir haben das Aufräumen verschoben und zunächst gegessen.
N1|合間|あいま|Zwischenzeit; kurze Pause|Nomen|Zeit|～の合間に: zwischen zwei Tätigkeiten.|仕事の合間に単語を復習します。|Shigoto no aima ni tango o fukushuu shimasu.|Zwischen der Arbeit wiederhole ich Vokabeln.|雨の合間を見て買い物に出ました。|Ame no aima o mite kaimono ni demashita.|Ich habe eine Regenpause zum Einkaufen genutzt.
N1|過ち|あやまち|Fehler; Fehltritt|Nomen|Bewertung|Oft ein Fehler mit Folgen oder moralischer Bedeutung.|過ちを認めて謝りました。|Ayamachi o mitomete ayamarimashita.|Ich habe meinen Fehler zugegeben und mich entschuldigt.|同じ過ちを繰り返さないようにします。|Onaji ayamachi o kurikaesanai you ni shimasu.|Ich achte darauf, denselben Fehler nicht zu wiederholen.
N1|案の定|あんのじょう|wie erwartet; tatsächlich|Adverb|Abstrakt|Bestätigt eine Erwartung, häufig eine Befürchtung.|傘を忘れた日に、案の定雨が降りました。|Kasa o wasureta hi ni, annojou ame ga furimashita.|An dem Tag, an dem ich den Schirm vergessen hatte, regnete es prompt.|人気の店は案の定満席でした。|Ninki no mise wa annojou manseki deshita.|Das beliebte Restaurant war wie erwartet voll.
N1|育成|いくせい|Förderung; Ausbildung; Heranbildung|Nomen|Bildung|Mit する; Menschen oder Fähigkeiten entwickeln.|若い人材の育成に力を入れています。|Wakai jinzai no ikusei ni chikara o irete imasu.|Wir setzen uns für die Förderung junger Talente ein.|地域全体で子供を育成する仕組みを作ります。|Chiiki zentai de kodomo o ikusei suru shikumi o tsukurimasu.|Wir schaffen ein System, in dem die ganze Gemeinde Kinder fördert.
N1|受け止める|うけとめる|auffangen; aufnehmen; ernst nehmen|Verb|Handlung|Physisch auffangen oder emotional verarbeiten.|客の批判を真剣に受け止めました。|Kyaku no hihan o shinken ni uketomemashita.|Wir haben die Kritik der Kunden ernst genommen.|飛んできたボールを両手で受け止めました。|Tonde kita booru o ryoute de uketomemashita.|Ich habe den heranfliegenden Ball mit beiden Händen gefangen.|ichidan
N1|受け付ける|うけつける|entgegennehmen; annehmen|Verb|Verwaltung|Für Anträge, Bestellungen oder Anfragen.|申し込みは月末まで受け付けます。|Moushikomi wa getsumatsu made uketsukemasu.|Anmeldungen nehmen wir bis Monatsende entgegen.|電話でも質問を受け付けています。|Denwa de mo shitsumon o uketsukete imasu.|Wir nehmen auch telefonisch Fragen entgegen.|ichidan
N1|打ち切る|うちきる|abbrechen; einstellen|Verb|Handlung|Etwas vorzeitig oder endgültig beenden.|時間切れで議論を打ち切りました。|Jikangire de giron o uchikirimashita.|Wegen Zeitmangels haben wir die Diskussion abgebrochen.|会社はその商品の生産を打ち切りました。|Kaisha wa sono shouhin no seisan o uchikirimashita.|Die Firma hat die Produktion dieses Artikels eingestellt.|godan
N1|会見|かいけん|Pressekonferenz; offizielles Treffen|Nomen|Medien|Häufig 記者会見.|市長は記者会見で方針を説明しました。|Shichou wa kisha kaiken de houshin o setsumei shimashita.|Der Bürgermeister erläuterte seine Pläne auf einer Pressekonferenz.|会見の内容が新聞に載りました。|Kaiken no naiyou ga shinbun ni norimashita.|Der Inhalt der Pressekonferenz erschien in der Zeitung.
N1|開催|かいさい|Veranstaltung; Durchführung|Nomen|Organisation|Mit する; ein Treffen oder Ereignis ausrichten.|来月、国際会議を開催します。|Raigetsu, kokusai kaigi o kaisai shimasu.|Nächsten Monat veranstalten wir eine internationale Konferenz.|雨でも大会は開催されます。|Ame de mo taikai wa kaisai saremasu.|Die Veranstaltung findet auch bei Regen statt.
N1|確定|かくてい|endgültige Festlegung; Bestätigung|Nomen|Planung|Mit する; endgültig feststehen.|旅行の日程が確定しました。|Ryokou no nittei ga kakutei shimashita.|Die Reisetermine stehen endgültig fest.|金額が確定してから連絡します。|Kingaku ga kakutei shite kara renraku shimasu.|Ich melde mich, sobald der Betrag feststeht.
N1|家計|かけい|Haushaltsfinanzen; Haushaltsbudget|Nomen|Finanzen|Die Einnahmen und Ausgaben eines Haushalts.|家計を見直して支出を減らしました。|Kakei o minaoshite shishutsu o herashimashita.|Wir haben unser Haushaltsbudget geprüft und die Ausgaben gesenkt.|物価の上昇が家計を圧迫しています。|Bukka no joushou ga kakei o appaku shite imasu.|Steigende Preise belasten die Haushaltskasse.
N1|箇条書き|かじょうがき|Aufzählung; Stichpunktliste|Nomen|Sprache|箇条書きにする: als Liste schreiben.|要点を箇条書きにしてください。|Youten o kajougaki ni shite kudasai.|Notieren Sie die Hauptpunkte bitte als Liste.|箇条書きなら内容を確認しやすいです。|Kajougaki nara naiyou o kakunin shiyasui desu.|Eine Stichpunktliste erleichtert die Prüfung des Inhalts.
N1|加入|かにゅう|Beitritt; Mitgliedschaft|Nomen|Gesellschaft|Mit する; etwa in eine Versicherung eintreten.|旅行の前に保険に加入しました。|Ryokou no mae ni hoken ni kanyuu shimashita.|Vor der Reise habe ich eine Versicherung abgeschlossen.|新しい会員が組合に加入しました。|Atarashii kaiin ga kumiai ni kanyuu shimashita.|Ein neues Mitglied ist der Gewerkschaft beigetreten.
N1|肝心|かんじん|entscheidend; wesentlich|Adjektiv|Bewertung|肝心な点: der entscheidende Punkt.|肝心なことを聞き忘れました。|Kanjin na koto o kikiwasuremashita.|Ich habe vergessen, nach dem Entscheidenden zu fragen.|継続することが肝心です。|Keizoku suru koto ga kanjin desu.|Entscheidend ist, dranzubleiben.
N1|関与|かんよ|Beteiligung; Mitwirkung|Nomen|Gesellschaft|Mit する; oft sachlich über Beteiligung an einem Vorgang.|多くの専門家が計画に関与しています。|Ooku no senmonka ga keikaku ni kan'yo shite imasu.|Viele Fachleute sind an dem Plan beteiligt.|彼はその決定には関与していません。|Kare wa sono kettei ni wa kan'yo shite imasen.|Er war an dieser Entscheidung nicht beteiligt.
N1|慣例|かんれい|übliche Praxis; Gepflogenheit|Nomen|Gesellschaft|Eine durch wiederholte Praxis entstandene Gewohnheit.|慣例に従って式を進めました。|Kanrei ni shitagatte shiki o susumemashita.|Wir haben die Zeremonie nach den üblichen Gepflogenheiten durchgeführt.|古い慣例を見直す必要があります。|Furui kanrei o minaosu hitsuyou ga arimasu.|Alte Gepflogenheiten müssen überdacht werden.
N1|合致|がっち|Übereinstimmung|Nomen|Vergleich|Mit する; Aussagen, Ziele oder Bedingungen stimmen überein.|結果は予想と合致しました。|Kekka wa yosou to gacchi shimashita.|Das Ergebnis stimmte mit der Erwartung überein.|両者の利益が合致しています。|Ryousha no rieki ga gacchi shite imasu.|Die Interessen beider Seiten stimmen überein.
N1|聞き取り|ききとり|Hörverstehen; mündliche Befragung|Nomen|Bildung|Kann Sprachverstehen oder Informationssammlung durch Gespräche meinen.|毎日、聞き取りの練習をしています。|Mainichi, kikitori no renshuu o shite imasu.|Ich übe jeden Tag Hörverstehen.|住民への聞き取り調査を行いました。|Juumin e no kikitori chousa o okonaimashita.|Wir haben die Bewohner mündlich befragt.
N1|期日|きじつ|festgesetzter Termin; Stichtag|Nomen|Zeit|Eine bestimmte Frist oder ein festgelegtes Datum.|期日までに書類を提出してください。|Kijitsu made ni shorui o teishutsu shite kudasai.|Reichen Sie die Unterlagen bis zum Stichtag ein.|支払いの期日が近づいています。|Shiharai no kijitsu ga chikazuite imasu.|Der Zahlungstermin rückt näher.
N1|規定|きてい|Bestimmung; Vorschrift|Nomen|Recht|Mit する auch festlegen; eine konkrete Regelung.|会社の規定に従って申請します。|Kaisha no kitei ni shitagatte shinsei shimasu.|Ich stelle den Antrag nach den Firmenvorschriften.|利用時間は規定で決められています。|Riyou jikan wa kitei de kimerarete imasu.|Die Nutzungszeiten sind durch eine Bestimmung festgelegt.
N1|規約|きやく|Regelwerk; Nutzungsbedingungen|Nomen|Recht|Gemeinsame Regeln einer Organisation oder eines Dienstes.|利用規約を読んでから登録してください。|Riyou kiyaku o yonde kara touroku shite kudasai.|Lesen Sie vor der Registrierung die Nutzungsbedingungen.|会員の同意を得て規約を変更しました。|Kaiin no doui o ete kiyaku o henkou shimashita.|Mit Zustimmung der Mitglieder haben wir das Regelwerk geändert.
N1|許容|きょよう|Zulassen; Tolerieren|Nomen|Abstrakt|許容範囲: zulässiger Bereich.|この程度の誤差は許容できます。|Kono teido no gosa wa kyoyou dekimasu.|Eine Abweichung dieses Ausmaßes ist hinnehmbar.|騒音が許容範囲を超えています。|Souon ga kyoyou han'i o koete imasu.|Der Lärm überschreitet den zulässigen Bereich.
N1|議題|ぎだい|Diskussionsthema; Tagesordnungspunkt|Nomen|Kommunikation|Das Thema, über das beraten wird.|次の議題に移りましょう。|Tsugi no gidai ni utsurimashou.|Kommen wir zum nächsten Tagesordnungspunkt.|予算の見直しを議題に加えました。|Yosan no minaoshi o gidai ni kuwaemashita.|Wir haben die Budgetprüfung auf die Tagesordnung gesetzt.
N1|業者|ぎょうしゃ|Dienstleister; Fachbetrieb; Händler|Nomen|Arbeit|Ein gewerblich tätiger Anbieter.|修理は専門の業者に頼みました。|Shuuri wa senmon no gyousha ni tanomimashita.|Ich habe die Reparatur einem Fachbetrieb überlassen.|複数の業者から見積もりを取りました。|Fukusuu no gyousha kara mitsumori o torimashita.|Ich habe Angebote von mehreren Anbietern eingeholt.
N1|業務|ぎょうむ|Dienstaufgaben; betriebliche Tätigkeit|Nomen|Arbeit|Sachlicher als 仕事; etwa 業務内容.|担当する業務について説明を受けました。|Tantou suru gyoumu ni tsuite setsumei o ukemashita.|Ich wurde in meine Aufgaben eingewiesen.|業務の効率を高める方法を考えています。|Gyoumu no kouritsu o takameru houhou o kangaete imasu.|Wir überlegen, wie sich die Arbeitsabläufe effizienter gestalten lassen.
N1|食い違う|くいちがう|voneinander abweichen; widersprüchlich sein|Verb|Vergleich|Für Aussagen, Zahlen oder Vorstellungen.|二人の説明が食い違っています。|Futari no setsumei ga kuichigatte imasu.|Die Erklärungen der beiden widersprechen einander.|予定が食い違って会えませんでした。|Yotei ga kuichigatte aemasen deshita.|Unsere Zeitpläne passten nicht zusammen, deshalb konnten wir uns nicht treffen.|godan
N1|経過|けいか|Verlauf; Verstreichen|Nomen|Zeit|Mit する; Zeit vergeht oder etwas entwickelt sich.|手術後の経過は良好です。|Shujutsugo no keika wa ryoukou desu.|Der Verlauf nach der Operation ist gut.|開始から一時間が経過しました。|Kaishi kara ichijikan ga keika shimashita.|Seit Beginn ist eine Stunde vergangen.
N1|軽減|けいげん|Verringerung; Entlastung|Nomen|Handlung|Mit する; Belastung oder Schaden vermindern.|新しい制度で負担を軽減します。|Atarashii seido de futan o keigen shimasu.|Die neue Regelung verringert die Belastung.|この道具は作業の負担軽減に役立ちます。|Kono dougu wa sagyou no futan keigen ni yakudachimasu.|Dieses Werkzeug erleichtert die Arbeit.
N1|経歴|けいれき|beruflicher Werdegang; Lebenslauf|Nomen|Arbeit|Vergangene Ausbildung und Tätigkeiten.|応募者の経歴を確認しました。|Oubosha no keireki o kakunin shimashita.|Wir haben den Werdegang der Bewerber geprüft.|彼女は海外で働いた経歴があります。|Kanojo wa kaigai de hataraita keireki ga arimasu.|Sie hat bereits im Ausland gearbeitet.
N1|見地|けんち|Standpunkt; Blickwinkel|Nomen|Abstrakt|～の見地から: aus der Perspektive von.|専門的な見地から意見を述べました。|Senmonteki na kenchi kara iken o nobemashita.|Ich habe aus fachlicher Sicht Stellung genommen.|安全の見地から計画を見直します。|Anzen no kenchi kara keikaku o minaoshimasu.|Wir überprüfen den Plan unter Sicherheitsaspekten.
N1|原文|げんぶん|Originaltext|Nomen|Sprache|Der Text vor Übersetzung oder Bearbeitung.|訳文を原文と比べました。|Yakubun o genbun to kurabemashita.|Ich habe die Übersetzung mit dem Original verglichen.|意味が曖昧なので原文を確認します。|Imi ga aimai na node genbun o kakunin shimasu.|Da die Bedeutung unklar ist, prüfe ich den Originaltext.
N1|個別|こべつ|einzeln; individuell|Nomen|Abstrakt|個別に: jeweils getrennt.|質問には個別にお答えします。|Shitsumon ni wa kobetsu ni okotae shimasu.|Fragen beantworten wir individuell.|個別の事情を考慮する必要があります。|Kobetsu no jijou o kouryo suru hitsuyou ga arimasu.|Die jeweiligen Umstände müssen berücksichtigt werden.
N1|根底|こんてい|Grundlage; tiefster Grund|Nomen|Abstrakt|根底にある: etwas zugrunde liegen.|問題の根底には情報不足があります。|Mondai no kontei ni wa jouhou busoku ga arimasu.|Dem Problem liegt Informationsmangel zugrunde.|この発見は従来の考えを根底から変えました。|Kono hakken wa juurai no kangae o kontei kara kaemashita.|Diese Entdeckung veränderte das bisherige Denken grundlegend.
N1|混同|こんどう|Verwechslung; Vermischung|Nomen|Abstrakt|Mit する; zwei verschiedene Dinge nicht unterscheiden.|似た言葉を混同しないようにしましょう。|Nita kotoba o kondou shinai you ni shimashou.|Achten wir darauf, ähnliche Wörter nicht zu verwechseln.|事実と意見が混同されています。|Jijitsu to iken ga kondou sarete imasu.|Fakten und Meinungen werden vermischt.
N1|最善|さいぜん|das Beste; bestmöglich|Nomen|Bewertung|最善を尽くす: sein Bestes geben.|問題解決のために最善を尽くします。|Mondai kaiketsu no tame ni saizen o tsukushimasu.|Ich gebe mein Bestes, um das Problem zu lösen.|これが現時点で最善の方法です。|Kore ga genjiten de saizen no houhou desu.|Das ist derzeit die beste Methode.
N1|定める|さだめる|festlegen; bestimmen|Verb|Handlung|Regeln, Ziele oder Grenzen bestimmen.|法律で基準が定められています。|Houritsu de kijun ga sadamerarete imasu.|Die Standards sind gesetzlich festgelegt.|目標を定めて努力を続けました。|Mokuhyou o sadamete doryoku o tsuzukemashita.|Ich habe ein Ziel festgelegt und weiter darauf hingearbeitet.|ichidan
N1|強いる|しいる|aufzwingen; zwingen zu|Verb|Handlung|人に～を強いる; Ichidan trotz kurzer Lesung.|他人に自分の考えを強いてはいけません。|Tanin ni jibun no kangae o shiite wa ikemasen.|Man darf anderen seine Auffassung nicht aufzwingen.|住民は長い避難生活を強いられました。|Juumin wa nagai hinan seikatsu o shiiraremashita.|Die Bewohner waren zu einem langen Leben in Notunterkünften gezwungen.|ichidan
N1|視野|しや|Blickfeld; Horizont|Nomen|Abstrakt|視野を広げる: den Horizont erweitern.|海外での経験が視野を広げました。|Kaigai de no keiken ga shiya o hirogemashita.|Die Auslandserfahrung hat meinen Horizont erweitert.|長期的な影響も視野に入れて考えます。|Choukiteki na eikyou mo shiya ni irete kangaemasu.|Wir beziehen auch langfristige Auswirkungen ein.
N1|集計|しゅうけい|Zusammenzählen; Auswertung|Nomen|Arbeit|Mit する; Zahlen oder Antworten zusammenfassen.|アンケートの回答を集計しました。|Ankeeto no kaitou o shuukei shimashita.|Wir haben die Umfrageantworten ausgewertet.|集計結果は明日発表します。|Shuukei kekka wa ashita happyou shimasu.|Die Auswertungsergebnisse geben wir morgen bekannt.
N1|主体|しゅたい|Träger; handelndes Subjekt; Hauptbestandteil|Nomen|Abstrakt|主体となる: die tragende Rolle übernehmen.|住民が主体となって活動しています。|Juumin ga shutai to natte katsudou shite imasu.|Die Bewohner tragen die Aktivitäten selbst.|野菜を主体とした食事に変えました。|Yasai o shutai to shita shokuji ni kaemashita.|Ich habe auf eine überwiegend pflanzliche Ernährung umgestellt.
N1|所在|しょざい|Aufenthaltsort; Lage; Verbleib|Nomen|Ort|Auch 責任の所在: wo die Verantwortung liegt.|書類の所在が分かりません。|Shorui no shozai ga wakarimasen.|Ich weiß nicht, wo die Unterlagen sind.|責任の所在を明らかにする必要があります。|Sekinin no shozai o akiraka ni suru hitsuyou ga arimasu.|Es muss geklärt werden, wer verantwortlich ist.
N1|所定|しょてい|vorgeschrieben; festgelegt|Nomen|Verwaltung|所定の vor einem Nomen.|所定の用紙に記入してください。|Shotei no youshi ni kinyuu shite kudasai.|Füllen Sie bitte das vorgesehene Formular aus.|所定の手続きを終えました。|Shotei no tetsuzuki o oemashita.|Ich habe das vorgeschriebene Verfahren abgeschlossen.
N1|持続|じぞく|Fortdauer; Aufrechterhaltung|Nomen|Zeit|Mit する; über längere Zeit bestehen bleiben.|効果が長く持続します。|Kouka ga nagaku jizoku shimasu.|Die Wirkung hält lange an.|集中力を持続させるには休憩も必要です。|Shuuchuuryoku o jizoku saseru ni wa kyuukei mo hitsuyou desu.|Um konzentriert zu bleiben, braucht man auch Pausen.
N1|辞退|じたい|Ablehnung; Verzicht; Rückzug|Nomen|Arbeit|Mit する; eine angebotene Rolle oder Gelegenheit ablehnen.|都合により参加を辞退しました。|Tsugou ni yori sanka o jitai shimashita.|Aus persönlichen Gründen habe ich auf die Teilnahme verzichtet.|彼は受賞を辞退しました。|Kare wa jushou o jitai shimashita.|Er hat die Auszeichnung abgelehnt.
N1|実質|じっしつ|Substanz; tatsächlich; real|Nomen|Abstrakt|Tatsächlicher Inhalt im Unterschied zur äußeren Form.|値上げで実質的な負担が増えました。|Neage de jisshitsuteki na futan ga fuemashita.|Durch die Preiserhöhung ist die tatsächliche Belastung gestiegen.|形式より実質を重視します。|Keishiki yori jisshitsu o juushi shimasu.|Wir gewichten den Inhalt höher als die Form.
N1|地元|じもと|Heimatort; örtliche Gegend|Nomen|Ort|Die eigene oder die jeweils betrachtete Region.|地元の食材を使っています。|Jimoto no shokuzai o tsukatte imasu.|Wir verwenden regionale Zutaten.|卒業後は地元に戻るつもりです。|Sotsugyougo wa jimoto ni modoru tsumori desu.|Nach dem Abschluss möchte ich in meine Heimat zurückkehren.
N1|従事|じゅうじ|Beschäftigung mit; berufliche Tätigkeit|Nomen|Arbeit|～に従事する: in einem Bereich tätig sein.|長年、教育に従事してきました。|Naganen, kyouiku ni juuji shite kimashita.|Ich war viele Jahre im Bildungsbereich tätig.|医療に従事する人々を支援します。|Iryou ni juuji suru hitobito o shien shimasu.|Wir unterstützen Menschen in medizinischen Berufen.
N1|重複|ちょうふく|Überschneidung; Doppelung|Nomen|Abstrakt|Auch じゅうふく gebräuchlich; mit する.|二つの予定が重複しています。|Futatsu no yotei ga choufuku shite imasu.|Zwei Termine überschneiden sich.|重複した情報を整理しました。|Choufuku shita jouhou o seiri shimashita.|Ich habe doppelte Informationen bereinigt.
N1|切実|せつじつ|dringend; eindringlich; brennend|Adjektiv|Gefühle|Für ein tief empfundenes Bedürfnis oder Problem.|住民の切実な願いを聞きました。|Juumin no setsujitsu na negai o kikimashita.|Ich habe die dringenden Wünsche der Bewohner gehört.|人手不足は切実な問題です。|Hitode busoku wa setsujitsu na mondai desu.|Der Personalmangel ist ein drängendes Problem.
N1|前例|ぜんれい|Präzedenzfall; früheres Beispiel|Nomen|Abstrakt|前例がない: ohne Beispiel.|前例がないからといって諦めません。|Zenrei ga nai kara to itte akiramemasen.|Wir geben nicht auf, nur weil es keinen Präzedenzfall gibt.|過去の前例を参考に判断しました。|Kako no zenrei o sankou ni handan shimashita.|Ich habe anhand früherer Fälle entschieden.
N1|存続|そんぞく|Fortbestand; Weiterbestehen|Nomen|Gesellschaft|Mit する; eine Einrichtung oder Tradition bleibt bestehen.|学校の存続について話し合いました。|Gakkou no sonzoku ni tsuite hanashiaimashita.|Wir haben über den Fortbestand der Schule beraten.|伝統を存続させる努力が続いています。|Dentou o sonzoku saseru doryoku ga tsuzuite imasu.|Die Bemühungen um den Erhalt der Tradition gehen weiter.
N1|単独|たんどく|allein; eigenständig|Nomen|Abstrakt|単独で ohne weitere Beteiligte.|彼は単独で調査を行いました。|Kare wa tandoku de chousa o okonaimashita.|Er führte die Untersuchung allein durch.|一社単独では実現できない計画です。|Issha tandoku de wa jitsugen dekinai keikaku desu.|Eine Firma allein kann diesen Plan nicht verwirklichen.
N1|直面|ちょくめん|Konfrontation; unmittelbar gegenüberstehen|Nomen|Abstrakt|Mit ～に直面する ausdrücken, dass man einem Problem gegenübersteht.|大きな課題に直面しています。|Ookina kadai ni chokumen shite imasu.|Wir stehen vor einer großen Herausforderung.|現実に直面して考えが変わりました。|Genjitsu ni chokumen shite kangae ga kawarimashita.|Angesichts der Realität hat sich meine Auffassung geändert.
N1|通常|つうじょう|gewöhnlich; normalerweise|Nomen|Zeit|通常は oder 通常の.|通常は二日以内に届きます。|Tsuujou wa futsuka inai ni todokimasu.|Normalerweise kommt es innerhalb von zwei Tagen an.|明日から通常の営業に戻ります。|Ashita kara tsuujou no eigyou ni modorimasu.|Ab morgen gelten wieder die normalen Geschäftszeiten.
N1|提示|ていじ|Vorlegen; Präsentieren|Nomen|Kommunikation|Mit する; Dokumente oder Bedingungen vorzeigen.|入口で身分証を提示してください。|Iriguchi de mibunshou o teiji shite kudasai.|Zeigen Sie am Eingang bitte einen Ausweis vor.|会社側が新しい条件を提示しました。|Kaishagawa ga atarashii jouken o teiji shimashita.|Die Firma hat neue Bedingungen vorgelegt.
N1|適宜|てきぎ|nach Bedarf; angemessen|Adverb|Art und Weise|Nach eigenem, situationsgerechtem Ermessen.|疲れたら適宜休憩を取ってください。|Tsukaretara tekigi kyuukei o totte kudasai.|Machen Sie bei Müdigkeit nach Bedarf Pausen.|内容は状況に応じて適宜変更します。|Naiyou wa joukyou ni oujite tekigi henkou shimasu.|Wir passen die Inhalte der Situation entsprechend an.
N1|手元|てもと|zur Hand; in eigener Nähe|Nomen|Ort|手元にある: gerade verfügbar sein.|手元に資料がないので確認できません。|Temoto ni shiryou ga nai node kakunin dekimasen.|Ich habe die Unterlagen nicht zur Hand und kann es nicht prüfen.|大切な書類は手元に置いてください。|Taisetsu na shorui wa temoto ni oite kudasai.|Behalten Sie wichtige Dokumente bitte bei sich.
N1|投入|とうにゅう|Einsatz; Einbringen|Nomen|Handlung|Mit する; Mittel oder Gegenstände hinein- bzw. einsetzen.|新しい事業に資金を投入しました。|Atarashii jigyou ni shikin o tounyuu shimashita.|Wir haben Kapital in das neue Geschäft investiert.|機械に硬貨を投入してください。|Kikai ni kouka o tounyuu shite kudasai.|Werfen Sie bitte Münzen in den Automaten.
N1|同等|どうとう|gleichwertig; gleichrangig|Adjektiv|Vergleich|～と同等の bezeichnet etwas Gleichwertiges oder Gleichrangiges.|この資格は大学卒業と同等と認められます。|Kono shikaku wa daigaku sotsugyou to doutou to mitomeraremasu.|Dieser Abschluss wird einem Hochschulabschluss gleichgestellt.|価格は違いますが、性能は同等です。|Kakaku wa chigaimasu ga, seinou wa doutou desu.|Die Preise unterscheiden sich, aber die Leistung ist gleichwertig.
N1|内部|ないぶ|Inneres; innerhalb einer Organisation|Nomen|Ort|Gegensatz 外部.|建物の内部を見学しました。|Tatemono no naibu o kengaku shimashita.|Wir haben das Gebäude von innen besichtigt.|内部で十分に話し合う必要があります。|Naibu de juubun ni hanashiau hitsuyou ga arimasu.|Wir müssen die Sache intern gründlich besprechen.
N1|入手|にゅうしゅ|Beschaffung; Erwerb|Nomen|Handel|Mit する; etwas in die Hände bekommen.|必要な資料を入手しました。|Hitsuyou na shiryou o nyuushu shimashita.|Ich habe die nötigen Unterlagen beschafft.|その本は今では入手が難しいです。|Sono hon wa ima de wa nyuushu ga muzukashii desu.|Dieses Buch ist inzwischen schwer zu bekommen.
N1|発言|はつげん|Äußerung; Wortmeldung|Nomen|Kommunikation|Mit する; öffentlich oder in einer Diskussion sprechen.|会議で自由に発言してください。|Kaigi de jiyuu ni hatsugen shite kudasai.|Äußern Sie sich in der Besprechung bitte frei.|彼の発言が議論のきっかけになりました。|Kare no hatsugen ga giron no kikkake ni narimashita.|Seine Äußerung gab den Anstoß zur Diskussion.
N1|引き起こす|ひきおこす|verursachen; hervorrufen|Verb|Handlung|Oft für Probleme oder starke Reaktionen.|小さなミスが大きな事故を引き起こしました。|Chiisana misu ga ookina jiko o hikiokoshimashita.|Ein kleiner Fehler verursachte einen schweren Unfall.|その発言は激しい議論を引き起こしました。|Sono hatsugen wa hageshii giron o hikiokoshimashita.|Die Äußerung löste eine heftige Debatte aus.|godan
N1|必然|ひつぜん|Notwendigkeit; Unvermeidlichkeit|Nomen|Abstrakt|Gegensatz 偶然; 必然的に unvermeidlich.|準備不足なら失敗は必然です。|Junbi busoku nara shippai wa hitsuzen desu.|Bei unzureichender Vorbereitung ist ein Scheitern unvermeidlich.|この変化は社会の発展に伴う必然的な結果です。|Kono henka wa shakai no hatten ni tomonau hitsuzenteki na kekka desu.|Dieser Wandel ist eine zwangsläufige Folge der gesellschaftlichen Entwicklung.
N1|分散|ぶんさん|Verteilung; Streuung|Nomen|Abstrakt|Mit する; auf mehrere Orte oder Träger verteilen.|作業を複数の担当者に分散しました。|Sagyou o fukusuu no tantousha ni bunsan shimashita.|Wir haben die Arbeit auf mehrere Zuständige verteilt.|時間帯を分散して混雑を避けます。|Jikantai o bunsan shite konzatsu o sakemasu.|Durch zeitliche Verteilung vermeiden wir Gedränge.
N1|文書|ぶんしょ|Dokument; Schriftstück|Nomen|Verwaltung|Nicht 文章（ぶんしょう、Text）.|約束の内容を文書に残しました。|Yakusoku no naiyou o bunsho ni nokoshimashita.|Wir haben die Vereinbarung schriftlich festgehalten.|重要な文書は安全な場所に保管します。|Juuyou na bunsho wa anzen na basho ni hokan shimasu.|Wichtige Dokumente bewahren wir an einem sicheren Ort auf.
N1|返済|へんさい|Rückzahlung|Nomen|Finanzen|Mit する; geliehenes Geld zurückzahlen.|借りたお金を毎月返済しています。|Karita okane o maitsuki hensai shite imasu.|Ich zahle das geliehene Geld monatlich zurück.|返済の計画を立てました。|Hensai no keikaku o tatemashita.|Ich habe einen Rückzahlungsplan aufgestellt.
N1|返答|へんとう|Antwort; Erwiderung|Nomen|Kommunikation|Mit する; Antwort auf eine Frage oder Bitte.|質問への返答を待っています。|Shitsumon e no hentou o matte imasu.|Ich warte auf eine Antwort auf die Frage.|すぐには返答できませんでした。|Sugu ni wa hentou dekimasen deshita.|Ich konnte nicht sofort antworten.
N1|放置|ほうち|Liegenlassen; unbeachtet lassen|Nomen|Handlung|Mit する; ohne nötige Maßnahmen lassen.|問題を放置すると悪化します。|Mondai o houchi suru to akka shimasu.|Wenn man das Problem unbeachtet lässt, verschlimmert es sich.|道路に自転車を放置しないでください。|Douro ni jitensha o houchi shinaide kudasai.|Lassen Sie Fahrräder bitte nicht auf der Straße stehen.
N1|本文|ほんぶん|Haupttext; Textkörper|Nomen|Sprache|Im Gegensatz zu Titel, Fußnoten oder Anhang.|本文を読んで問いに答えてください。|Honbun o yonde toi ni kotaete kudasai.|Lesen Sie den Text und beantworten Sie die Fragen.|詳しい説明は本文に書いてあります。|Kuwashii setsumei wa honbun ni kaite arimasu.|Die ausführliche Erklärung steht im Haupttext.
N1|前もって|まえもって|im Voraus; vorher|Adverb|Zeit|Vor dem betreffenden Ereignis.|人数を前もって知らせてください。|Ninzuu o maemotte shirasete kudasai.|Teilen Sie uns die Personenzahl bitte vorher mit.|前もって調べておいたので迷いませんでした。|Maemotte shirabete oita node mayoimasen deshita.|Ich hatte vorher recherchiert und habe mich deshalb nicht verirrt.
N1|満たす|みたす|füllen; erfüllen; befriedigen|Verb|Handlung|Für Behälter, Bedingungen oder Bedürfnisse.|応募の条件をすべて満たしています。|Oubo no jouken o subete mitashite imasu.|Ich erfülle alle Bewerbungsvoraussetzungen.|容器を水で満たしてください。|Youki o mizu de mitashite kudasai.|Füllen Sie den Behälter bitte mit Wasser.|godan
N1|身近|みぢか|nahe; vertraut; alltäglich|Adjektiv|Ort|Für räumliche oder persönliche Nähe.|身近な問題から考えてみましょう。|Mijika na mondai kara kangaete mimashou.|Beginnen wir mit Problemen aus dem Alltag.|困った時は身近な人に相談してください。|Komatta toki wa mijika na hito ni soudan shite kudasai.|Sprechen Sie bei Schwierigkeiten mit einer vertrauten Person.
N1|未定|みてい|noch nicht festgelegt|Nomen|Planung|未定です: noch offen.|次の会議の日程は未定です。|Tsugi no kaigi no nittei wa mitei desu.|Der Termin der nächsten Besprechung steht noch nicht fest.|参加人数が未定なので予約できません。|Sanka ninzuu ga mitei na node yoyaku dekimasen.|Da die Teilnehmerzahl noch offen ist, kann ich nicht reservieren.
N1|無断|むだん|ohne Erlaubnis; ohne Mitteilung|Nomen|Gesellschaft|無断で vor einer Handlung.|無断で写真を撮らないでください。|Mudan de shashin o toranaide kudasai.|Fotografieren Sie bitte nicht ohne Erlaubnis.|彼は無断で仕事を休みました。|Kare wa mudan de shigoto o yasumimashita.|Er blieb ohne Mitteilung der Arbeit fern.
N1|模索|もさく|Suche nach einem Weg; Erproben|Nomen|Planung|Mit する; eine noch unklare Lösung suchen.|新しい解決策を模索しています。|Atarashii kaiketsusaku o mosaku shite imasu.|Wir suchen nach neuen Lösungswegen.|地域と協力する方法を模索しました。|Chiiki to kyouryoku suru houhou o mosaku shimashita.|Wir haben Möglichkeiten der Zusammenarbeit mit der Region erkundet.
N1|有力|ゆうりょく|einflussreich; aussichtsreich|Adjektiv|Bewertung|Für Personen, Kandidaten oder Erklärungen.|彼女は有力な候補の一人です。|Kanojo wa yuuryoku na kouho no hitori desu.|Sie ist eine der aussichtsreichen Kandidatinnen.|事故の原因について有力な説が示されました。|Jiko no gen'in ni tsuite yuuryoku na setsu ga shimesaremashita.|Eine plausible Erklärung der Unfallursache wurde vorgelegt.
N1|要望|ようぼう|Wunsch; Forderung; Anliegen|Nomen|Kommunikation|Mit する; häufig gegenüber einer Organisation.|利用者の要望を集めました。|Riyousha no youbou o atsumemashita.|Wir haben die Wünsche der Nutzer gesammelt.|住民は道路の改善を要望しています。|Juumin wa douro no kaizen o youbou shite imasu.|Die Bewohner fordern Verbesserungen an der Straße.
N1|余地|よち|Spielraum; Raum; Möglichkeit|Nomen|Abstrakt|改善の余地: Verbesserungsspielraum.|この計画には改善の余地があります。|Kono keikaku ni wa kaizen no yochi ga arimasu.|Bei diesem Plan gibt es Verbesserungsspielraum.|その結果には疑いの余地がありません。|Sono kekka ni wa utagai no yochi ga arimasen.|An diesem Ergebnis besteht kein Zweifel.
N1|了承|りょうしょう|Einverständnis; Kenntnisnahme|Nomen|Kommunikation|Mit する; höflich ご了承ください.|予定の変更について了承を得ました。|Yotei no henkou ni tsuite ryoushou o emashita.|Wir haben die Zustimmung zur Terminänderung erhalten.|返信に時間がかかる場合がありますので、ご了承ください。|Henshin ni jikan ga kakaru baai ga arimasu node, goryoushou kudasai.|Bitte haben Sie Verständnis, dass eine Antwort etwas dauern kann.
N1|両立|りょうりつ|Vereinbarkeit; beides zugleich verwirklichen|Nomen|Abstrakt|AとBを両立する.|仕事と勉強を両立しています。|Shigoto to benkyou o ryouritsu shite imasu.|Ich verbinde Arbeit und Studium miteinander.|安全と便利さの両立を目指します。|Anzen to benrisa no ryouritsu o mezashimasu.|Wir streben an, Sicherheit und Komfort zu vereinen.
N1|労力|ろうりょく|Arbeitsaufwand; Mühe|Nomen|Arbeit|Die eingesetzte körperliche oder geistige Arbeit.|完成まで多くの労力を費やしました。|Kansei made ooku no rouryoku o tsuiyashimashita.|Bis zur Fertigstellung habe ich viel Arbeit investiert.|この方法なら時間と労力を節約できます。|Kono houhou nara jikan to rouryoku o setsuyaku dekimasu.|Mit dieser Methode lassen sich Zeit und Mühe sparen.
N1|じっくり|じっくり|gründlich; in Ruhe|Adverb|Art und Weise|Sich ausreichend Zeit für etwas nehmen.|将来についてじっくり考えました。|Shourai ni tsuite jikkuri kangaemashita.|Ich habe gründlich über meine Zukunft nachgedacht.|今度はじっくり話し合いましょう。|Kondo wa jikkuri hanashiaimashou.|Besprechen wir es beim nächsten Mal in Ruhe.
N1|てっきり|てっきり|fest überzeugt; ganz bestimmt (irrtümlich)|Adverb|Abstrakt|Häufig ～と思っていた für eine falsche Annahme.|てっきり今日は休みだと思っていました。|Tekkiri kyou wa yasumi da to omotte imashita.|Ich war fest davon ausgegangen, dass heute frei ist.|彼が来たので、てっきり会議があるのだと思いました。|Kare ga kita node, tekkiri kaigi ga aru no da to omoimashita.|Weil er kam, dachte ich fest, es gebe eine Besprechung.
N1|遅くとも|おそくとも|spätestens|Adverb|Zeit|Die späteste noch zulässige Zeit.|遅くとも金曜日までに返事をします。|Osokutomo kinyoubi made ni henji o shimasu.|Ich antworte spätestens bis Freitag.|遅くとも八時には出発しなければなりません。|Osokutomo hachiji ni wa shuppatsu shinakereba narimasen.|Wir müssen spätestens um acht aufbrechen.
N1|組み合わせる|くみあわせる|kombinieren; zusammenfügen|Verb|Handlung|Mehrere Elemente passend verbinden.|二つの方法を組み合わせて学習します。|Futatsu no houhou o kumiawasete gakushuu shimasu.|Ich kombiniere beim Lernen zwei Methoden.|色を自由に組み合わせてください。|Iro o jiyuu ni kumiawasete kudasai.|Kombinieren Sie die Farben nach Belieben.|ichidan
N1|組み込む|くみこむ|einbauen; integrieren|Verb|Handlung|Ein Element in ein größeres Ganzes aufnehmen.|休憩時間を予定に組み込みました。|Kyuukei jikan o yotei ni kumikomimashita.|Ich habe Pausen in den Zeitplan eingebaut.|新しい機能を製品に組み込みます。|Atarashii kinou o seihin ni kumikomimasu.|Wir integrieren eine neue Funktion in das Produkt.|godan
N1|深める|ふかめる|vertiefen|Verb|Handlung|Verständnis, Wissen oder Beziehungen vertiefen.|議論を通して理解を深めました。|Giron o tooshite rikai o fukamemashita.|Durch die Diskussion habe ich mein Verständnis vertieft.|地域との交流を深めたいです。|Chiiki to no kouryuu o fukametai desu.|Wir möchten den Austausch mit der Region intensivieren.|ichidan
N1|明かす|あかす|offenlegen; enthüllen|Verb|Kommunikation|Ein Geheimnis oder eine Absicht bekannt geben; 夜を明かす heißt die Nacht verbringen.|彼は初めて本当の理由を明かしました。|Kare wa hajimete hontou no riyuu o akashimashita.|Er hat zum ersten Mal den wahren Grund offengelegt.|友人と語り合って夜を明かしました。|Yuujin to katariatte yo o akashimashita.|Ich habe die Nacht im Gespräch mit einem Freund verbracht.|godan
N1|値する|あたいする|wert sein; verdienen|Verb|Bewertung|～に値する; regelmäßiges する-Kompositum.|彼の努力は賞賛に値します。|Kare no doryoku wa shousan ni ataishimasu.|Seine Anstrengung verdient Lob.|これは検討に値する提案です。|Kore wa kentou ni atai suru teian desu.|Dieser Vorschlag ist eine Prüfung wert.|suru
N1|重んじる|おもんじる|achten; großen Wert legen auf|Verb|Bewertung|Formeller als 大切にする.|この会社は経験を重んじています。|Kono kaisha wa keiken o omonjite imasu.|Diese Firma legt großen Wert auf Erfahrung.|相手の意見を重んじる姿勢が大切です。|Aite no iken o omonjiru shisei ga taisetsu desu.|Es ist wichtig, die Meinung des Gegenübers zu achten.|ichidan
N1|本名|ほんみょう|wirklicher Name; bürgerlicher Name|Nomen|Menschen|Im Gegensatz zu einem Künstlernamen oder Pseudonym.|作家は本名を公表していません。|Sakka wa honmyou o kouhyou shite imasen.|Die Autorin hat ihren bürgerlichen Namen nicht veröffentlicht.|申請には本名を使ってください。|Shinsei ni wa honmyou o tsukatte kudasai.|Verwenden Sie für den Antrag bitte Ihren wirklichen Namen.
N1|履歴|りれき|Werdegang; Verlauf; Historie|Nomen|Arbeit|履歴書: Lebenslauf; auch eine gespeicherte Vorgangsliste.|履歴書に職歴を記入しました。|Rirekisho ni shokureki o kinyuu shimashita.|Ich habe meinen beruflichen Werdegang in den Lebenslauf eingetragen.|購入履歴を確認できます。|Kounyuu rireki o kakunin dekimasu.|Sie können Ihre bisherigen Käufe einsehen.
